,fold-change control mujer case1 lung,fold-change control mujer case1 heart,fold-change control hombre case2 lung,fold-change control hombre case2 jejunum,fold-change control hombre case2 heart,fold-change control hombre case3 lung,fold-change control hombre case3 heart,fold-change control mujer case4 lung,fold-change control mujer case4 heart,fold-change control mujer case4 liver,fold-change control mujer case4 kidney,fold-change control mujer case4 bowel,fold-change control hombre case5 lung,fold-change control hombre case5 fat,fold-change control hombre case5 skin,fold-change control hombre case5 bowel,fold-change control hombre case5 liver,fold-change control hombre case5 kidney,fold-change control hombre case5 heart,fold-change control hombre case5 marrow,fold-change control hombre case6 lung,fold-change control mujer case7 lung,fold-change control hombre case8 lung,fold-change control hombre case8 liver,fold-change control hombre case8 bowel,fold-change control hombre case8 heart,fold-change control mujer case9 lung,fold-change control mujer case10 lung,fold-change control mujer case10 liver,fold-change control hombre case11 lung,fold-change control hombre case11 kidney,fold-change control hombre case11 bowel,fold-change control mujer case12 liver,fold-change control hombre caseA lung,fold-change control hombre caseB lung,fold-change control hombre caseC lung,fold-change control hombre caseF lung,fold-change control hombre caseE lung,fold-change control hombre caseG lung,fold-change control hombre caseH lung,fold-change control hombre caseI lung,fold-change control mujer caseD lung,fold-change control mujer caseJ lung,fold-change control mujer caseP1 placenta,fold-change control mujer caseP2 placenta,fold-change control hombre caseP3 placenta,fold-change control hombre caseP4 placenta
AKR1B1,-1.3211898075976038,0.5279204667365832,0.1100602775873308,-2.981955810430944,-0.05555890047094313,-0.3224135826864121,-0.17161702993451491,2.5252381434730418,1.3163747319302288,inf,,-0.25659625790352103,-0.5343802032337094,inf,-1.81554924906506,-1.5436808433902074,-4.1074866925148035,-0.1363415551869865,-0.04136780200163177,-2.5355803446190874,2.84451475877964,0.06644398185927189,-0.5291101495448115,-2.9334572927397518,-0.5355803446190937,-0.9646299342706569,-0.5972002078330924,0.06185114525606807,3.833360438835376,-1.3061033171923917,0.9550547735539154,-1.4428647426159904,inf,-2.7565795306556717,0.4827315336578474,-0.6367397606496664,-1.4652847438702212,-0.7355179151278446,-0.24063075870853434,-0.10411984141640267,-2.6630054153434735,inf,0.674750750620898,1.2330118803081873,1.3219035890540605,1.8303539127521187,-0.2911616169526432
ALDH4A1,-2.5055021186575073,2.2930922598192898,0.4260672988793751,-1.081500972075631,0.16682403277172764,0.7374372512581371,-1.0366969379421829,6.5004820862563255,1.30307634839191,8.151073254946853,inf,-0.11945568743385616,-0.20689609336863085,inf,-1.4676354337385296,-1.643226005034898,-0.3001412585509664,-0.4989211226654705,-1.7575843240948181,-1.6351255062637844,4.328470924106049,1.8087517917483944,-3.827973651986217,6.121815654667661,inf,0.08782799752969908,-1.3472090823544738,inf,inf,-1.3773822847708175,3.4404721126303826,-0.09495092728946378,inf,3.1662431207280877,1.0612582771257946,inf,-3.943341528768643,-0.8350630767725353,0.17439725247653526,-1.582176626314821,1.5593775178992044,inf,-0.10064583765910146,1.9903374249592096,1.632795032158451,1.4037132204501628,-3.3355652244048746
CBR1,0.5119809564061355,-0.9288901233842901,0.9832696186330059,-0.34788426811182355,-0.2974986408763689,1.1439249361414054,-2.4185574513983106,0.6380420897398897,0.18189460597582469,inf,,0.359001647503654,0.5294450031725326,inf,0.06804189261337343,-0.0554601675345417,-2.266964272728249,-2.4657441368427535,-0.5020149169356473,-0.7945935983834579,5.426361441051994,-0.007759603867714504,-0.018472860357630322,2.322102626325638,0.8130889788377809,-1.2940325159264257,0.3352092187263604,1.8448585643929472,4.47341138796709,0.5627358417236857,2.5891263158730315,-1.32480834730054,5.251018966630644,-0.5010196115902887,1.849322765111982,-2.3811798415842786,-1.1028096208883176,-0.21692359022866434,1.4299666596357004,0.2583552815654977,0.17751700444307575,inf,-0.3226282208626777,-0.7595350166317594,-1.031976457141355,0.23363174216302307,-0.44440724345458676
COMT,0.7280545277571552,0.4049457832083133,0.7180040750987431,0.27153507780547653,-1.335191581436061,0.8832310941976033,-0.7558106738169085,1.039693380560063,0.9170241053290045,2.803495159698582,inf,-0.5128374722952561,0.1373855657907121,inf,-0.47215138847550253,-0.34396121159476994,-0.3046572132879458,-1.044005458765147,-0.9895107749348642,-0.6396414610007591,4.313939345456189,-0.3429879962724605,-0.1973429325729348,0.8693721864871018,-0.13714112047157354,-1.33172545648612,0.355018255741829,1.1173875356286063,3.3478156759223974,0.252836467344142,0.850993657172248,-0.3625012878602324,4.125423254585952,-0.9537500514288227,1.2266673238311354,-0.33140994089363035,-1.1149674693408758,1.0184019636180637,1.0111835517205008,0.7352355138355688,-0.6377835147801705,-2.896944558442505,0.7217010685349431,1.295403681242235,0.5597268682903758,1.8166503660713376,0.25983166304527966
DBH,2.2792573121127417,inf,inf,inf,inf,-0.930965168689627,inf,2.292498618024719,inf,inf,,inf,-2.5656065669021375,inf,inf,inf,0.9751966089994355,1.3613792456060936,inf,inf,3.543794387805913,1.7883671919166084,inf,3.1492260087744826,1.640212361286624,inf,0.9199045421655145,1.2181512765646363,8.992938336165809,0.7321465249538974,inf,inf,inf,inf,inf,inf,-1.0830411604970815,inf,inf,inf,inf,inf,2.419291148672489,1.7029194892332,inf,0.36853903717895925,-0.47526485613331304
DDC,0,inf,0,0,0,inf,0,0,0,0,,inf,0,0,0,0,0,0,0,0,inf,inf,0,inf,0,0,0,inf,0,0,inf,0,0,inf,inf,0,0,0,0,0,inf,0,inf,0,0,0,0
DHFR,-0.08975284441161335,inf,-0.6519116034057888,-0.27696317014673444,-3.198563166741689,0.06445277293973375,-1.6471966352921346,0.342529536674615,inf,inf,,0.22811979621117875,-0.3898113199484138,-0.26499052848066634,-1.8330226332519475,-3.838688203106004,-3.6655284580643883,-3.2793458214577305,inf,0.8323773083875406,4.894366778691893,1.0001660757129212,-1.883053006868262,inf,-3.0005127057772003,inf,-1.011508826822001,0.8604277061018198,4.650651832036946,-1.553605850142415,2.534516531754259,0.3470167952547239,inf,-1.3146212962052621,-1.1342039209453116,inf,-1.3314488047821411,-2.6154877755647976,-0.3836350249792804,-1.7776388243859251,-0.22104718089305803,0.21324651972964992,-0.016104759847857912,0.6849012184462084,-0.1916856867840478,0.8064709139901347,-1.6565583045598393
DYRK1B,0.6579106414193966,-0.6074142698224962,2.0358495546304276,1.6328798577644024,1.4661673633329153,2.1492697258476716,3.1371155105351467,-0.1279448979486555,0.7244979136374877,inf,,-0.6980341221882823,2.575276679488411,inf,0.9837109902677125,0.2410798262474492,inf,0.8004222078957212,-1.0432034942547832,-0.9207446764237495,5.716709636125034,1.3000786161710156,0.6701303913573212,inf,-0.5057071771449031,1.8022088273697352,-0.4605175257252291,1.5363972858136998,5.3094604143586395,1.3755415343622865,inf,1.8418223238870188,inf,1.180184232427035,4.29920106302284,1.6219520973204002,-0.9070326040412459,2.4642802537886532,0.8887780823165702,2.4541322984125764,0.2737583477392357,inf,-0.41618986657972806,-0.5948584783507118,0.48962221282580837,1.9131852198906731,-1.6211843945648396
FAH,0.3651580924891419,-1.1879991546598077,-0.04133331445875745,-1.506908427294702,-1.9955490166135497,-1.6485780469806943,-3.462104393161254,-0.5386047813436508,inf,2.669981840467757,,-0.6005471019129535,-0.1866783873189235,inf,-1.9925785625085106,-1.9982441323625695,-1.0474768086574011,-1.438901750714295,-2.76795428003504,-2.0605329614828456,4.762658590782633,0.9187082934818355,-1.384651368490774,2.5859842097549453,-2.382461056370212,-0.6595075525767314,-0.08050629789392914,-0.01683000261011994,4.991909935355126,-2.0539549036009324,-0.3068634374760481,-2.105320883229688,inf,-1.6965696467982783,-0.8787223509230319,-2.5767298767922724,-2.231245460237781,-0.5823986268789623,-0.835972703463684,-0.7445496757000943,-2.187958032207232,-2.0304578776733306,-0.4118122506958821,-1.5518054528319494,-1.1147422228035773,-2.0802695886400513,-2.9129757730689922
FPGS,-1.50969578985089,-3.3384487777846523,-0.8634259585979288,-4.711547427336234,-1.72625682832267,0.21735768692885887,-0.7598527975942659,3.029763842987447,0.6330611629733331,1.5195322173429109,inf,-1.2915651064005054,-0.23049245951224115,-1.1146122849490043,-1.2903269669415283,-0.41529146516792526,-3.5151502145327322,-1.54400507720491,-0.7246657666329849,-0.17770912027404331,4.499150136567888,-1.0809677517033567,0.0790862469460272,1.1183108038796177,-1.2651719615243793,-2.5422184577309017,-1.0353773295921025,-1.7067586500632514,2.256497811509124,0.05002546227827609,0.5473912515359828,0.4973950387863806,inf,-2.1642430526736005,1.2891928169927689,-1.237048360609995,-0.8454675294660463,1.1787466577415904,0.2073158099383616,0.9972302840535274,-2.0706689373614022,-3.1809075007981766,-0.7321868752630432,-0.8596979093699759,-1.8386221139414196,-1.1307188402605992,-2.5061800610281773
GART,0.010064045094074235,-0.6953930250946395,1.051774882287351,-0.28916471853901593,-1.5644016697486725,0.7353575601031146,-0.8137263300757068,-1.2159236532208013,-0.35213586804064667,inf,,-0.9380159709054744,0.9345450769827586,inf,0.04906637718466195,-0.18462714867527852,-3.616329461792528,-0.5297071070447764,0.13568083829258173,0.5878451016026974,5.290843972236446,-0.08417261273948462,0.9396369493261634,-0.8573375612963201,0.8560412125522683,-0.1839660863533978,-0.49361120119529056,-0.33405268670879606,2.7069084862567387,1.021929116154821,0.44621200427618635,0.7983142350979334,3.484516064920293,-2.2654222999333964,2.002457916576896,0.7613080656811239,-0.587104390038701,0.24106614276467303,0.6130965513984503,1.0441496757828679,-0.8499200897338335,-2.5378517481081593,-0.6968136997942674,-0.6976120590641975,-0.123558828218765,1.0330531256179074,-0.2594360048676659
GGH,2.1550245944124873,inf,1.2197063407742608,-2.141361812413086,-2.4779993082868836,1.7258006631540665,-0.2892028562220314,-0.02942947686264565,inf,inf,,-0.921446795989637,0.647160708926137,inf,-0.5274962740759815,-0.5331618439300376,0.8623903224480245,0.4412180369970787,-0.4024076651534229,1.3050136533987637,4.924801537887747,2.4086787934544516,-0.092884425124311,4.135955395773987,-1.27994884732239,inf,1.701452582811106,2.0499502061785546,inf,-2.1221576015159305,inf,0.26022573165192814,8.671010241278449,1.405942562249542,0.0013974367883423627,-0.4742176677444479,0.24472514433749074,0.690038583611169,0.11453641213908342,1.1653174554053307,-0.5004833224382513,inf,3.419291148672487,3.5274801748178235,3.285830173661831,3.112698120904387,-0.81046356402117
GLUD1,-0.36240676349653694,-0.06387566548638446,0.3238867106274279,-0.37402464599123575,-1.803771546256511,-0.14473594679959143,-1.062434071162884,-2.3006133276119494,inf,0.2705433735841685,,-0.6962048206194402,-0.0906266892137318,-0.19212700288284676,-0.576937283598359,-0.5870215247194221,-1.422739931024262,-2.3320131779437734,-0.9208249810654502,-3.1202942581217763,2.300899898631208,-0.06786049024485441,0.4516388928950657,2.422666721289415,0.04197717077709812,-0.5608394866111764,0.11557498272930426,-0.34405558668581915,1.0075089677503815,0.034294777555144706,0.3703408600512272,0.09365208853155124,inf,-0.8267202713286058,1.3980912232898037,0.17576254803924235,-1.7440121063545682,-0.7352693279093754,0.9407672676145077,0.9581897139343194,-1.7331461560164,-2.84493384383576,0.1685714004828979,-0.10914099198487848,0.13466710470944204,1.2013466541826865,-0.12824301123726953
GLUD2,-1.073705808600167,inf,2.356282227198112,inf,inf,1.6273408019041389,1.865633681749294,inf,inf,inf,,inf,1.1583160739338016,inf,inf,1.2591046146565812,0.6952987655319911,inf,inf,0.9452770185403327,2.7471856010249827,1.9802068567037485,1.2465379430879457,3.869328165307036,inf,1.668230522333816,-0.7691515425106725,inf,6.9014031994028615,1.2398367894790674,3.4359121367133416,0.9004890967934956,inf,inf,4.449015723987515,1.1660456973971152,-1.362939003964526,1.745339448031582,1.1698372765595009,inf,3.1397800427033156,inf,0.5907904177433336,1.196346853191404,1.569609964312806,1.673603694432672,0.24483730039924265
GOT1,0.25987894430113606,2.4931843958036217,0.05678585202653557,0.6114845622241276,2.8108999665905405,-0.35610669301667647,2.1545394638853996,0.7800086897350692,3.9823105289563623,4.936127891652343,inf,-1.1120086293919202,0.8243595231525213,inf,-0.594077653796948,-1.1022435641801869,0.18639339828136095,inf,2.188381951374814,-0.4567131447937791,4.906548944581452,1.3811067228962555,0.3817715199118259,5.303839269690042,0.6104010510647535,3.9666800771407944,-0.01082562936541493,1.9266235938269916,inf,0.10733789315175694,1.8115295520427785,0.9390715248453595,7.258055986539713,-0.16313915800061002,0.7542438114255531,-0.7213712931072385,-1.2503559944688825,-1.4640056373601391,1.0479550324181113,-0.6261566861812696,-1.0695650426884056,1.4580805948477127,0.42137439321259373,-0.23565397605562105,-0.571738617939258,-0.22427454523767554,-0.9645077849924784
GPT,-1.0411366019129933,1.6861273258278753,3.478364579208171,inf,3.665745155437202,3.0262525891997565,5.047186685444446,6.879842215367835,3.018039509287859,8.866036415842808,,inf,1.7202968224941542,inf,inf,inf,3.1987798641145027,inf,5.06326489345802,inf,10.037518509454024,2.1773573794908954,inf,7.957771764610706,inf,5.756674121637486,inf,inf,inf,2.8867220132511973,7.939393235295852,3.403970195376008,8.866036415842808,inf,inf,inf,inf,inf,inf,4.50170699707181,inf,inf,inf,inf,inf,inf,inf
GPT2,1.0614366172372947,2.9565141390521315,-0.7622850074538124,-0.4297594006978854,1.134067429877403,0.19223694633580532,-0.5914062440318675,-0.06651682960321069,1.1389025131295254,6.727032292929359,inf,0.626428351990955,0.023136715071876174,inf,1.6922530413095451,-0.2545188394909465,-1.555290282781744,-0.7540701468962437,-1.275767754159385,-1.3053120297734013,5.015869969064936,1.7716051588831654,0.9109541090792065,3.7342163344132384,0.43165356439280506,-0.582358525979918,-0.343674445641821,2.060517148393232,5.463997887095569,-1.023112939078335,0.92228868256581,1.3128650612021902,7.048960387816726,1.4585818917998108,-0.8719626522176164,-1.6695058516377725,-1.4436030508359448,0.3692195176339906,-0.2062826538380921,-1.5153975556582335,0.7636601123057256,inf,1.723240713766989,0.6844478146599733,0.9902748519750293,0.9431048239162617,-4.590714248635648
GSTZ1,0.023686958259889496,0.8615215571137198,1.9515957444799708,0.7327991467199038,0.3961616508461079,2.7196300496392127,-0.22239681914665266,6.055236446653678,0.871505645686339,inf,inf,1.0339361105817266,1.5907038442363126,inf,-0.23829781566414845,-0.8289258862393635,-0.07080364047659139,0.3153789961300668,1.0567157947007164,0.17917461253175027,10.288855709998707,4.136490827884472,0.9503693647824275,5.562657377935753,0.5942121118105967,inf,0.5821587145245318,3.2933581284929323,8.363358742016015,0.9410102103727929,5.477164652762363,0.13438669078491325,9.041430647128651,1.2801035213825296,3.682913317978933,0.3999432913885326,-0.12904140997310604,2.5641995427441557,3.2110897926085165,1.2321234924807156,inf,inf,inf,0.8740773485855043,2.087293812152633,3.3109436492243254,1.6486598958329728
HGD,-5.092397768195602,5.110317168364381,0,0,0,inf,0,inf,inf,7.061407567883427,,inf,inf,0,0,inf,inf,inf,0,inf,inf,1.7538905036661248,inf,inf,inf,0,inf,-0.8951137954496852,5.798373162049641,0,inf,inf,inf,0,inf,0,inf,inf,0,inf,inf,inf,inf,inf,inf,0,inf
HNF1A,inf,3.361187525334592,0,inf,0,inf,0,inf,inf,9.804131021183313,,1.948639578081445,inf,0,0,0,inf,inf,0,0,inf,4.314363821176162,inf,inf,inf,0,0.4309204872385862,inf,9.278062209515728,inf,inf,0,10.541096615349524,inf,0,0,0,0,0,0,0,inf,inf,inf,inf,0,0
HPD,-0.3617695016800043,7.686127325827873,0.5418675215143293,inf,inf,-1.0293100084619222,-0.27474140944291725,0.165596697701713,inf,8.129070821676594,,-0.7264206214252785,-0.7018000018185453,inf,inf,0.11872952346436855,6.942940959684912,2.2630344058337957,-0.5805912963167053,inf,9.778694596501937,-0.8905199066812792,0.6597385793835367,9.832240882526847,1.5418675215143287,inf,0.908070245102871,2.613416730226895,8.450998916563963,1.5840700199992905,6.202427641129649,inf,10.866036415842803,7.315221772336599,inf,inf,inf,1.9268924517267314,inf,inf,3.9062955471196252,inf,inf,0.01428737442675347,-1.7505124279361821,inf,inf
MAOA,-0.9347314758539784,-2.009946598457531,0.2588495340008796,0.26387659277575937,-2.3469358665370272,-0.1816964251731115,-2.1629404007360007,1.4321559209518269,-1.0761445862618095,inf,inf,0.03096317188198898,0.31772209468261836,-1.2546654822569436,-1.309628004788852,-0.5678356066590641,-6.24016591256183,-2.0990957737916998,-2.4496814646620826,-6.990187659553483,1.0719126935556917,-0.931863746209893,-0.1050537981337252,-0.25878159072917123,0.4909390301831365,-1.9453060608726367,0.03834508636963502,0.16968298848341867,1.584999990836247,-0.7300849448628439,-0.329627539938162,0.9929304152695672,inf,-1.4298271320654083,1.3428207443797497,0.06347103346804797,-2.669047061978732,0.7287380072123615,1.4192479413739634,1.1016802096877802,-2.3362530167531994,-3.7268744393871907,0.4315044343184127,0.06283727265088176,0.06612070061638993,1.784219134942388,-0.4666257034964653
MAOB,0.46930345201216905,0.8914609335329423,-0.7273904612634704,2.9616272845022853,1.0400272879073365,-0.5762530675124552,-0.4484706415210458,-2.5035388125093565,-1.2360585016443681,2.290010310023211,,1.527276007841196,-0.7484415370639343,inf,-1.0004245382787555,0.39080004443577027,-0.8329303630911985,-1.1837133206507444,-0.7054109279138904,inf,3.6613495605621997,0.38807705614101234,0.9987360336334804,1.3410990366838484,3.002010390638305,1.7249638944317849,0.6131387757373947,1.3609405511173644,2.6119384049105756,-0.16034536067970068,1.3931098352603937,3.2791505637788214,4.61193840491058,0.517976798767923,2.8575927688771325,0.0163281920276553,-3.0431712260327646,1.849378534907906,1.4071428942992847,2.1022649853656183,-1.710377180807236,inf,0.49772283605455514,2.0407378054339116,1.1752986511465193,-2.4452846650811977,1.3015706724972098
MDH1,0.2663886937289088,0.9236733098348722,0.844013843336774,1.1189297527887558,1.5698839241511353,0.5168995225213457,1.333658788364517,-0.5093944770409476,3.1634881514077993,inf,,0.9705569812190228,0.40947866393880056,inf,-1.2902883219871795,-0.37568108431197084,-1.17009986157798,-2.1058453198586804,1.5583236181895062,-0.8270122041781551,1.6079148846428601,0.2127296172426343,0.29074664836675496,1.7974786607296465,1.4949158907092128,3.5894282571146556,0.1872240487960854,1.272170865246293,3.1035823998498064,0.504387309647305,1.1230545326321502,1.3949864147699087,4.103582399849807,-0.40415520044001324,1.1912996740987862,-1.4363185238790606,-1.0059452097380468,-0.8570247732445961,0.35174436422788363,-0.5261358107856033,-1.6325091800151665,inf,-0.47006478764351667,0.41495651147476664,1.054183572363417,1.3732899452299083,-0.10118716761714669
MTHFD1,-0.6517260103858539,0.6209516147725967,0.23576322213946,-0.2682124388217371,-1.6752392625869281,-0.1550524854221719,-1.06113697578941,-1.092224091295956,-0.23328751762431435,inf,,-0.03670883031708094,0.07990345311151632,inf,-0.5441639827342079,-0.9184741463826589,-4.464132648796996,-2.2705950901327285,-0.7317511554608186,0.6684886535731938,4.568053956621449,0.4078492075943852,-0.21921008478074697,2.687176674477974,-0.8922263009012859,-0.9062383912740087,-0.6607614981808294,-0.2485065810550668,3.5378262989537377,-0.21826974693295179,0.5984088172717233,-0.35205172192696527,6.1227887996748995,0.05669951450444473,0.6916827532298812,-1.1860307948742617,-0.8785142285187822,0.7953613993315507,-0.13161314264191273,-0.40631801367621895,-0.019651371625665437,inf,-0.5248589692622061,-0.3062801443637955,0.05997424223956579,-0.3501289625297699,-0.9603978035428613
MTHFD1L,-0.8224367939828938,-2.096881283490349,0.3338148563098114,-1.160027134335835,-3.081627130930792,-0.46077659541671767,-5.700185600923546,1.6924433509702743,-4.6718596956388865,1.1761372109160582,inf,-1.7020743086858936,-0.026007024359020213,inf,-1.3237691746622906,-0.42407161865441917,-1.7412375001958862,-3.1624097856468336,-0.028755564297417952,0.02331392564221858,2.304950508837923,-0.14365207399050392,0.6051319051137971,inf,-1.8835766699663004,-1.9906981647305055,-0.9803084066045669,-1.0073127059598102,2.2350308999696304,0.7255858031395357,0.9993758709854654,-0.021473996104620283,inf,-0.8757571655070028,1.683171833006682,0.44571646566865325,-0.9629740019752809,0.5889111014964419,0.7839270839015884,1.0762628055911807,-1.5191486443610045,inf,-1.0755818816898963,0.5083445377866298,0.04653726020584001,1.643576907409408,1.0343691141512137
PAH,inf,inf,inf,0,0,0,0,0,0,inf,inf,0,inf,0,0,inf,inf,0,0,0,inf,inf,inf,inf,inf,0,inf,inf,inf,0,inf,0,inf,inf,0,inf,0,0,0,0,inf,inf,0,0,0,inf,0
PCBD1,1.0713654189537953,0.5335978378427841,1.8101264700758972,2.8963310980278605,1.5430148610074372,0.3998565813928851,0.14204782608730568,-0.8170077888410603,0.3068816683950732,3.3915788329703473,,-0.48663268663160414,0.6530641647447132,inf,-0.8172696420638303,0.4152245252768778,-0.5428602629597574,0.3578955464766607,-2.0003033285036,-2.1002369320090146,4.179341922490666,-0.4074377403301369,-0.3395556667429852,2.6311691368152914,2.4440835842147934,0.4300714938420739,-0.877876377113656,1.9618702021215373,1.1285444271365603,0.4922525815991004,0.9753606868851484,2.9424379874944844,6.298469428578874,1.7011316949828539,1.8440743648241507,0.7054942475689208,-2.0865248596265142,0.6998254974822343,0.931678248067744,0.6531516660810355,-0.9057339078460354,0.013067209716626064,-0.4007086409983029,0.19904492002388835,-0.7516517478813846,0.42729957703208304,-0.4787485552627454
PCBD2,-1.6094702680013009,inf,0.7023464368041965,-0.20213525017838455,0.1133039505275095,0.7856118799887797,0.4947454805347597,-1.982638457418759,inf,inf,inf,-2.289693275824593,-0.08078651195930604,inf,-0.6586590397326781,-0.7638602831376514,-2.813092959432482,-2.4269103228258233,-0.022608511532747056,-2.56311470642414,6.857364213473742,1.3273799265691102,-2.401382466089212,0.9458989410637209,-1.1480772071452936,0.48176689225671177,-0.46523216391363775,-0.5059899900477541,4.940193682058779,-0.968836527227374,1.5124829124700265,-0.2859745332836131,inf,-0.46218579757335543,2.5255864997441955,inf,-0.6234032154854129,0.23694772306710926,-0.33855444840497895,0.07479667424597859,-1.368611682261155,inf,-1.2708834260498316,-0.1909462011518446,-0.8437811238387279,1.5744635484417366,-1.6785919238440736
PTS,-0.7005722409809699,inf,0.6610217901705107,-0.1682834288895637,-1.8268490196507188,0.05765529677697209,-1.445407489643475,-1.197502853988872,-1.6669881372900932,inf,,0.08040482832645239,0.8891778554334465,inf,-0.13938039127361432,-0.351496838595098,-2.293814310973418,0.09236832563323862,-0.05081765837617209,0.9561639420349236,5.082645319550516,0.9938807970884961,1.1125983304177405,2.465177589522785,-0.043836057965073665,inf,-1.0644686627139197,0.9900221522947135,3.917974363431064,0.6471553255008317,0.44679906020793275,0.49633852100924425,6.502936864152221,inf,-1.3474522745754978,-0.8230673791082882,-0.10412456702634912,-1.2437736284738272,1.5026522949414542,0.3310409168712477,-0.8493330338020914,inf,1.3887212952962007,0.9276987584277135,1.1465501308914818,2.135282024838088,1.2557242238938373
QDPR,0.6302523186670735,1.4579616724849431,0.15945889028561017,0.20159049292343387,-0.22250984420069295,0.8992149820169667,-0.38163669555615226,1.6254870380440423,0.5578878863703625,3.1460176661701937,,-0.53954877548936,-0.08081524824909345,inf,-1.8569693107109526,-1.9881657626488685,-2.104512634802234,-3.3032924989167354,-1.687486582429942,-1.1175687876276827,5.119718261434577,0.3223534633144927,0.8539193644881851,2.1849939823927453,0.8824312123723105,0.8684191219995875,-0.18761402393203427,1.6332573440652003,4.204911355223767,0.6037597862929167,0.05113823565795535,0.8376432906254748,inf,0.4687869483933315,1.256886900874522,-1.6337657029371093,-1.940357982962306,0.1679204690338022,0.2444949941414134,-0.0646199076787259,-0.6600313576309093,-1.5544220519708933,1.064223575006555,-0.1541858744478964,-0.5816500348284623,0.4471264882690532,-1.8180085057687794
SHMT1,-0.8044787189297271,1.4808740185982758,0.3011845700979336,-0.5305236611366736,-4.037086158452784,0.7494533410158835,-0.4857196270032238,0.2233777963059122,inf,6.0169269188384815,,-0.0056745100986434534,-0.10096571609252894,inf,-0.34961753007567253,-0.3552830999297311,-0.1821233548881155,0.052056188273488235,-3.3765320145981694,-3.254073196767136,6.659743761542149,-0.05034545028343171,-1.126625008122546,3.7992609669445354,0.9683192245693132,-2.531119692973653,0.2860082697991912,-0.38786774986440514,4.561247435062295,0.308142989209592,2.236561921405871,0.6080294770945418,6.9238175144470055,-0.1531442879163579,-0.5576894133775574,-3.0333045179103535,-3.2403611243846324,-1.454010767275887,0.6709267793931132,-1.6161618160970148,2.33274725017461,inf,0.22463944486982954,-0.44591078235783854,0.7524107840990099,1.1293420662369995,-1.4950812962709288
SHMT2,1.2570422712907412,0.682233620613122,-0.6365602612220462,-2.3819026734779514,-2.548615167909438,-0.10586730274423416,-2.1671736379021906,-1.1184049267057703,-0.6319453900849267,3.037714275211504,inf,-1.1739209781156394,0.006040150039704861,1.7999949696304356,-0.9954476312439207,-1.1622679929125597,-2.015580459232132,-1.3398912054304908,-0.4141298357224086,-0.7656022062237869,4.942507435258475,0.2942596015201709,0.20824196251085053,-0.42651356017824216,-1.9355272076660974,-1.2125737038726199,-1.2505903469700208,1.6412587252931357,3.6491489872938567,0.4536394764115053,0.5551079105069041,-1.2798754112718476,inf,-2.8345982988153184,0.15317399850223232,-0.4668310153657291,-1.266463306671045,-1.8135366832874849,-0.7109669496469436,-1.4231467090798422,-1.4190960886157555,-2.2476879436507353,-0.7115044768652694,-0.47796436267671805,-0.019996974319830454,0.3487485688515313,-1.3880394123636104
SORD,-0.4044564605906491,0.5853212450446055,1.8888188832221369,1.6505472047988878,2.0508753030912956,0.2915234297442672,0.695351238932337,0.06479061691844626,2.517302821615954,inf,,1.4947013926788142,0.7898440407552259,inf,2.181950582944021,0.3112145931760709,0.2619819168812335,1.6481645534878957,0.9744638527797059,0.5119601698895839,6.685864140417857,1.8227319986903834,-1.268804537238636,4.2433662387138895,1.5119601698895835,inf,0.43243649896275915,0.48678087683905613,4.180267834338382,1.2171994518395286,4.002595288062588,-0.5328277518572563,7.765230335059538,3.4202440007979646,2.530272048166522,2.0546569436337303,-0.2112933518941234,1.3120225993808299,0.736520427908742,-0.4350909501614558,0.7064631940525659,0.7428625220310816,inf,-1.524788511873076,-1.8513185087194517,0.23077976003754352,-0.18847954825150937
SPR,1.366258611878354,2.5508019424589126,0.17678840956411948,2.083778768236299,1.7471412723625084,-0.86421378671409,-0.008920721380183386,inf,0.23485600558667702,3.1608554241428917,,-1.1096735182378201,-0.3156759651584116,inf,-1.0248217178976844,0.06262211663974017,-0.17925563759748672,0.2069269990091688,-1.3147706082539738,inf,5.962374452526834,-0.7499372563878769,0.6230547119733657,2.579736262898715,2.070722615410852,0.37863861992549497,-1.3328217511925913,2.9323570553153853,1.897821018309105,1.3521190680444093,3.14632023430502,2.8839156887915887,inf,-0.828348475738367,1.089034493687795,0.8764537949887962,-1.2374934070940058,1.678139966959708,-0.11975462584882668,-1.876328504640183,inf,0.045378206722963506,0.07906133297925268,inf,-5.133765324748729,-1.793037643851346,-3.629717102730236
TAT,inf,inf,inf,0.4989015527284831,inf,inf,-0.45629441313806673,0,0,inf,,inf,-2.845504410369582,inf,inf,inf,5.339154955306711,inf,inf,0.9452770185403327,10.045166502658155,inf,-1.5393372515592083,9.689507127722223,inf,inf,inf,inf,inf,-0.6167590853313146,5.43591213671334,inf,inf,8.133668768641451,3.6416608019299113,1.1660456973971152,inf,inf,inf,3.320153993376657,6.783636232478042,0,inf,inf,0,inf,inf
TH,0,0,0,0,0,0,0,0,0,0,inf,0,0,0,0,inf,0,inf,0,0,inf,inf,0,0,0,0,inf,0,0,0,inf,0,0,0,0,0,0,0,0,0,0,0,0,0,inf,inf,inf
TPH1,-2.7263333250085777,inf,0.23796083426500378,inf,inf,-2.0701822898774522,inf,1.0489603878167229,inf,inf,inf,2.4788711635770992,-0.6071628621594843,inf,-1.3315146873759485,-1.9221427579511619,inf,inf,-0.6214635777322381,1.0859577408199552,8.637737042651105,4.351580930022476,1.7584319879760955,2.010008887586657,1.5009952400987985,inf,1.1874662759432384,inf,8.164437605236662,1.1217634462876636,5.161555359714119,inf,inf,inf,2.367304024930687,0.3067264196767344,-2.2222582816849066,0.8860201703112012,inf,1.1389066207689176,inf,inf,1.1757529184644928,inf,0.4779370780534481,0.22219748155775268,inf
TPH2,0,0,0,0,0,0,0,0,0,inf,,0,0,0,0,0,0,0,0,0,inf,inf,0,0,inf,0,inf,0,inf,0,0,0,0,0,0,0,0,0,0,0,0,0,0,inf,0,0,0
TYMS,-1.0204666146588957,inf,1.0356750986635046,inf,inf,1.4078620896446021,-0.922793610924713,4.518485405478794,inf,inf,,-0.8844938329255697,1.0007580474121043,inf,-0.9386946074422137,-2.3366776000750313,inf,inf,-0.7140703249687428,2.9193504121396696,5.792728250348061,0.6206992862513605,-0.14625435890690539,-0.4045259545372129,inf,inf,-0.2885347674597738,inf,5.8010726087339926,-0.25771209559820957,1.1620580168690895,-0.3733650230507534,inf,inf,-1.6321933179143393,0.21411967244023186,-0.4668681223664659,inf,-0.10401684328475666,0.5317267007026492,1.450888423580225,0.9486297971478515,0.3973504226829824,0.7230368405822342,0.8964997392210448,0.8955455403875502,-1.029016819445008
UAP1L1,-2.426056680786201,-1.978977064346067,-0.7291431680457028,-2.428268725336334,-1.5425137998736775,-0.8886122068840372,-4.383464691202885,2.3584733026553426,-3.968992975773446,3.463966431502654,inf,-5.39152501159922,0.08682630085045183,0.1686664170508909,-1.1263471933139673,-2.1826388362379965,-3.231871512532824,-1.8456888759261671,-2.1868142375474906,-3.5668557602456383,4.42800958096983,0.041587472813757756,-1.64045737245176,-2.642804613478937,inf,-1.8439022564521568,-1.8103491576934032,-2.5326323712057945,3.6159695249477113,-1.477455919626767,0.5087418586485248,-3.6116436819924775,5.200932025668868,inf,0.7733842129186617,-1.7611245806676992,-2.017090787622931,-0.06635361261330114,-1.7573330015053243,-0.7065519582390771,inf,inf,0.627284838175544,-1.3814587721531244,-1.8869888583894996,-1.0386387346632011,-1.2229013590282816
ADSS,-0.6502588116374927,-2.1148322177687557,0.4982817784243869,0.45138029818357844,-5.170659416552469,0.7877750321078096,-2.7892178865452197,-0.5479000046445758,inf,inf,,-1.439917323771564,0.2843056041637691,0.3478757224297112,-0.8982282874542041,-0.11034473477568599,-2.3156966129878005,-1.2514420712685075,-0.8096655545567576,-0.30018361361647994,2.5384114071022417,-0.7893891484450593,0.7610416340643321,-0.14166721321275402,-1.1652540335303718,-1.0797304503521818,-0.15117614163579587,-0.5302914518416985,0.4801143715250223,0.48396385008379456,0.9103435853637915,0.6119597427447961,inf,-2.2867175460160367,1.8633261802003958,-1.3595228539524316,-1.447934963928094,-0.12815240673827316,-0.07562335559732179,0.1888643811391546,-0.8712153358164737,inf,0.0149916408098669,-0.2751847294660623,0.2173975359769994,1.1402303525697481,0.06166094649677154
ADSSL1,-2.5396627331731625,1.2619881422726469,1.1967897713654225,-0.5390923116414144,5.464120195369412,1.021865136797157,4.880751153838961,-0.2585424858535108,1.9811467589639686,5.1199691374002105,,-2.5655973042593465,2.052553573159294,inf,2.1902504441156228,2.147110168842908,1.6573049011620948,2.62845003848991,4.42868052611413,0.9072831541704385,7.858006421996338,0.9608040888701943,-0.1252625748884576,2.8313343009371383,0.3223206534492817,4.537127253572439,-1.3335578818800413,-1.6349183647632497,5.026859733008735,0.2018429251091698,3.3979182723434422,0.8624952324235997,inf,inf,2.9255950324473767,0.1280518330272177,-0.8159703676132689,3.0292736785490533,3.1318434121895984,3.867122629727913,2.6867486790545776,inf,-2.1317499552057457,0.8271175493709131,-1.4652610330160476,2.9527922132994857,1.9072831541704376
ALPI,0,0,0,0,0,0,0,0,0,0,,0,0,0,0,inf,0,0,0,0,inf,inf,0,0,inf,0,0,0,inf,inf,inf,0,0,0,0,0,0,0,0,0,0,0,0,0,0,0,0
ALPL,-2.0185963586091717,-0.429201285092417,-1.0930580457776156,-6.6579165289440745,-2.9945540248178664,-1.7384723590498146,-3.443187493368313,2.2652809777522758,-1.7671404999401017,1.6214247879775443,,-5.649104154403166,-0.8311552869108055,inf,-5.307085396440763,-4.8977134670159765,-3.461519316140569,-4.07533667953391,-2.7896793647394484,-2.6265785624110687,2.39235309852889,-0.47859984166770875,-0.39269014895022375,-1.480134994307916,-5.796503563853379,-3.4885875593387405,-2.0192505451298683,1.1412584772680041,0.3583903821437573,-1.6865566718120455,-3.720905944959216,-6.256328984879063,inf,-0.940687152839132,-1.4276944384923045,-1.5984549614966768,-0.11036614949937902,-0.6565911314775071,0.82037411694454,0.569328271379937,-3.432075538248082,-2.0790149301635386,-0.13844120829873532,-4.761703463346549,-7.673195960914076,-5.492721472984262,inf
ALPP,4.13262936825537,inf,-0.15373189710407986,inf,inf,-2.5147368356321613,inf,1.292498618024719,inf,inf,,inf,-1.4233274340106083,inf,-0.7760692331306599,inf,inf,inf,inf,inf,8.130295556352296,4.187409262337745,0.3198757863029284,inf,1.056440694344087,inf,2.426771172083119,3.199915705115576,6.407975835444657,-0.9206329088064071,3.1320383132382497,inf,inf,inf,4.1451419005124235,inf,inf,3.0264281252776457,4.035888454526715,inf,inf,inf,1.419291148672489,4.208172540082127,7.763430853333881,10.302465844866067,5.570320097003759
ALPPL2,inf,inf,0,0,0,0,0,inf,inf,inf,,inf,0,0,0,0,0,0,0,0,inf,2.985506354145237,inf,0,0,0,0.974042715044166,inf,8.992938336165809,0,inf,0,10.992938336165814,0,0,0,0,0,0,0,0,inf,inf,inf,3.3064378089825963,inf,inf
AMPD1,0,0,inf,0,0,inf,0,0,0,0,,0,inf,0,0,0,0,0,0,0,inf,inf,0,0,0,0,inf,0,0,0,inf,0,0,0,0,0,0,0,0,0,0,0,0,0,0,0,0
ATIC,-0.5167898272066842,-3.28861688203395,0.4793942269345622,0.020775885539982938,-1.3602557296922644,-0.3069014022131426,-2.5193825810477253,2.0488334849674588,-1.0187656667062184,3.1543266138147694,,-0.3792367343997346,-0.3191401946128676,inf,-2.0878246005940007,-0.41541826533542514,-2.0198660989573627,-3.44103838440831,-0.8252324679215111,-0.32931525456303584,3.9866139577807047,-0.8067139866782843,-0.49842137885573096,-0.33126352635255607,0.08572224471580597,-0.6843642627708241,-0.8312046503393532,-0.1870009960601939,inf,-0.05219991038394699,0.2353204450537442,0.6633715291087884,4.891292207980983,inf,1.0733373257698346,-1.0345459942624784,-1.2130334485399856,-1.1922178377942205,-0.545327587929861,-0.3543688866153432,-1.797777243122481,-3.131075605047474,-0.15879302345532875,0.4918337557163066,-0.04220525376980584,1.2287590925932659,-0.7230936344700732
ENPP1,-0.6510246704517701,2.8757606981643518,-2.0016631046604685,-0.5384610337422433,-1.4600610303371901,0.644458165595966,inf,1.0333019751508297,-0.43618330815039186,inf,inf,0.14128465602384194,-0.41499036841963965,inf,0.07540450459486484,-1.3632204725352992,-0.9270263216598948,1.6290813163890767,-0.06254129231637287,inf,8.40792554409734,2.955752109222028,1.3500328777559578,4.639320500893923,-0.26201056937270123,0.6308679358630935,0.756822163783361,-0.7716363184713186,6.148779192570766,-1.8486798849417596,3.620941971579065,1.0855189316592206,inf,0.42388084019923666,0.019335714738030932,0.5437206102052373,-3.985264091156407,-0.8769856391602988,1.7174371908099266,2.375900811297411,2.517454955511438,1.7113738802634695,1.9674494278562027,7.233672793465257,7.006270960692897,7.274844454225576,4.767170456039246
ENTPD5,-0.935807014101697,-1.5863712729578012,0.4477354552878521,-1.2961032618999597,-2.44009567983136,-0.003754196299075469,-1.7367260549367523,-0.7849738061966016,-0.9914246836640217,4.271609722169763,inf,-1.9989192202109485,-0.41225003427432744,inf,-1.4895926456204551,-0.7109869065299546,-0.9070609711540591,-1.1989502396600422,-3.0425759418105427,0.043356999995379626,5.9600240551371435,1.4373401452198538,-0.5858381660212167,3.311362547979445,0.21738639977042648,inf,0.17610040969712482,1.009357983974658,6.008575316335973,-0.5166508249229778,2.4185149007484483,0.4680543615497568,7.5935378170571255,0.028808691426221496,0.3612291601312261,-2.436314039288927,-2.0584081450420553,0.3129047127878437,0.26791725801453414,-1.0191713374755966,-0.8776171932615726,inf,0.47932224820111174,1.1275064840703646,0.3562411479118942,0.7603411000218482,-1.3575224362868052
ENTPD6,-0.7761964699545525,-3.6076177321776797,0.6233088487892389,-1.030641964571042,0.909560744913987,0.17182506592472954,0.789455782387713,1.8143661450353967,0.9043082703481999,1.2503632629498838,,-2.4352031787096706,0.9185239862646781,-0.13414654032490328,-1.614715803845845,-0.7692447596143895,-4.534684469908627,-1.3411469112443657,0.32980055943489056,-2.2847062169002834,3.2179756355725107,-0.5506843599505576,-0.3046114414857462,-1.360655070133582,-0.8696687176214427,0.8976789055304953,-1.5891977938434823,-0.6923899450555363,1.5722913578372482,0.16589579855811482,-0.20910859800611867,0.6705058613528773,inf,-3.183777308049506,2.1930372800139533,-1.2565826159858955,-2.8924825212640526,0.8372843074783262,1.187781554562461,0.3532051637698333,-3.0902031927373,-3.4500764551912035,-0.7534283162124844,-0.47589390748351457,-1.1682770677756402,0.6291225032805058,-2.2847062169002834
GCH1,0.703145313629111,-2.3887624735079447,-0.917920035000423,-3.476051004251469,inf,-0.867218565641559,-4.431246970118025,-0.9092931016341022,inf,inf,,-3.216347920039938,-0.7700679787162669,inf,-3.447147966635521,-4.452813536489581,-3.2796537914479695,-3.893471154841306,-4.152134356270656,-3.029675538439619,3.5392133075437275,1.271599436846697,0.4947205465777987,2.142303121770666,-1.6146380391607758,inf,-0.817140673093909,-0.17469336191139048,2.791146616506983,-0.08597059792624898,-0.5390404202666153,-2.489500959465302,inf,-1.3437841288676857,0.7541710862002983,2.43902065386075,0.12154005769281646,-0.22961310894837006,-1.4831871855330976,0.4827049601466388,-1.8351725142766397,-1.2312211965214641,-0.19753807026517636,-0.4114093891752883,0.021751434175132162,-2.8934357977018226,-2.9227603345231086
GCHFR,-0.6749911993353439,inf,0.1724246666216888,inf,inf,-0.17337032284377152,-1.3212491528758044,inf,inf,inf,,inf,-0.967269916842996,inf,-0.7521876486721465,-0.9277782199685148,inf,inf,inf,inf,-2.195382799324117,2.5132202553929046,-0.8414337374489029,1.0043734255693038,inf,inf,-0.9020493250280592,-0.41241304237767423,inf,inf,inf,inf,inf,0.18125118765337833,-0.22329393780782247,-0.6989090423406188,-3.22789374370226,1.4653472090150041,inf,inf,inf,inf,1.8773517290706434,inf,0.5714156669511806,inf,-2.6201174393384914
GMPR,-0.4183413548683291,2.0167827142263555,-0.27008157433243724,-0.08852343024832937,2.925336320962011,0.963327020944997,1.441707431055364,0.2332176802663988,3.962061113411161,inf,,-0.17337281169034474,0.6254514269214505,inf,-1.3815484875197408,-2.3872140573737997,-1.2140543123321892,-1.8278716757255256,0.7208200449027307,3.123386781926499,5.173602690757493,1.3109561645925747,1.040364060221278,-0.04002491255713726,-1.5490385600449954,1.928802445911957,0.2805127396577949,1.7003444761465019,6.196691804241287,1.075161293022547,inf,1.5760985196504735,inf,inf,1.0542358189530991,0.8416551202541005,-1.9503639869413385,0.8359863701674071,2.6528016214740795,0.08887282062512337,-0.7695730351608571,inf,1.6230446167479673,0.1290653786451179,0.8994229073626991,-0.5073373422314799,-1.664515777464932
GMPR2,-0.04201832297048633,-0.5860959582327094,0.6405540005173589,0.481624292456511,-0.7619037990257969,0.8680020561736539,0.07896934961874008,-1.52166408563771,-0.6276421703001708,inf,inf,-0.06004445015000125,0.46498548601768336,inf,-0.004045842757295515,-0.4020288353901122,-4.228869090348498,-0.6727614522995317,-0.4383846424487562,-0.3939283366189998,4.780940486824822,-0.15901538671816126,0.2931375886722837,-1.054839690573453,0.1365863800797834,-0.0860123321043568,-0.578648474533976,-0.12400511568987381,1.423888130339911,0.6109899204793519,1.9711758994701496,0.3686386636917707,inf,-1.8779619284893714,1.0394210409367852,-0.9507672364257662,-1.0391793464014287,0.9910965935934071,2.0530243427366113,1.3219855560523912,-0.7843878131771674,inf,0.43520344356774376,-0.9246828989478216,0.17434045607117446,2.107854274666425,-0.1874774591515711
GMPS,-0.5579317067469425,-0.9490055848859146,0.2889847272615665,-0.7697037274163976,-2.369375629123984,0.015470503032072015,-1.402971598395585,2.0477394801975106,-1.39513493859505,inf,,-0.6611138139979669,0.41795138878190785,inf,-0.8446365007849894,-0.5588392564787361,-3.1582690153340485,-2.035120784561183,-0.44578707943558177,-0.17132516815949758,2.99910800300226,-0.03403091197158198,0.6774413670455509,-2.569202116280159,0.47637308790962196,-0.6003747578110662,-0.8631514374497931,0.11234196788176275,3.0244526276615935,-0.13573543753168218,-0.41765564415269535,0.9538119115359759,inf,-2.0703962593087173,1.4699170610376189,-1.5720448660489874,-0.8241893620518037,-0.1696288774986002,-0.3618024094191797,0.7296206183444128,-1.9768221439965148,-3.1133924027867934,-1.1411098211946529,-0.4632645249397048,0.005337491026321646,1.0605465981381434,-0.801375558409192
GPHN,-0.4910984806653629,0.09662015638042519,0.14605895625738421,0.004018136947477869,-1.5805468723699039,-0.10554764762347993,-0.555249152587933,0.34162427461724115,-0.11452320914682401,inf,,-0.31592779087272216,0.524315063654952,inf,-0.46011883671668985,-0.851438099068496,-0.8775871622502852,-2.0763670263647858,0.47232469426347284,-2.212571409963098,3.488215605244753,0.8595652880182356,0.5901088109492145,1.4484453309698109,-1.0605683165180493,0.925419593109227,-0.6336824167197261,0.8068174535828347,2.9546011515079904,0.3691388448675771,1.2780637082099102,0.6171097862062025,4.954601151507995,-1.1116425011123199,1.805740468313841,0.7451628630598943,-0.9358249317468043,-0.4125089804718537,1.070882537109631,0.06276989132230827,-1.6030308865212737,-2.0677666615204613,-0.2971179410979672,0.8790906685115748,-0.4368065655997628,0.29128851635492997,-2.038542010188049
GUK1,-0.2601532373097112,-0.41682632519782703,0.6503545658388958,0.38628916316855794,0.28816375399448924,0.5852722727712584,0.021448956793386438,0.07502677113184897,-0.9165609890519473,2.1681361755233315,inf,-1.6429611482200879,0.9191811961653802,-1.4925091254106084,-0.41668504040716625,-0.5743537037062746,-1.035066059866762,-0.7519769162242079,-0.15081777570181382,0.0007873877887409095,2.9093347768514355,-0.7926738949468798,0.422575866007782,0.4509073462230266,-0.37005030757957397,0.03408101219436884,-1.6910879687360525,-0.23574591484506896,1.7795708876056793,0.4820128003323031,0.9350291574373577,0.11949819832477729,1.9051017696895398,0.15829982500588502,2.233224071418525,1.116858687978826,-0.7614602656108315,1.156993627505264,1.9738088788119346,1.8528235738116972,-0.4485657778230079,-3.1172660433389123,0.43997903897438606,-0.7396251525018218,-0.9853998061009065,0.7280239315287237,-0.5490926537769741
IBSP,0,0,inf,inf,inf,inf,inf,0,0,0,,0,5.397683932528579,inf,inf,inf,inf,inf,1.741336798570657,3.4487581171228445,9.964055151099076,inf,inf,inf,inf,inf,inf,0,inf,2.0215868622081503,inf,inf,0,inf,inf,inf,inf,inf,inf,inf,5.643261141285827,0,0,0,inf,4.902634343115635,1.7483183989817546
IMPDH1,-1.0264344508612553,-0.4527459344576187,1.0975703702709947,-2.235118675924102,-1.0571829989681374,0.21061516770709052,-0.412707063127101,-1.0472771440275523,-3.7646899407723584,inf,inf,-1.6636600205411105,0.7923923711332882,-1.445538455594477,-1.013570560365755,-0.9603424411662465,-1.6761513837358861,-2.1379656536841845,0.05403255389603768,1.0186117119453584,4.1947686895073915,-1.1509815949326168,-0.4659894754049667,-1.6720469854031543,-0.01113563144870033,-1.0657897063187656,-1.2958675933935393,-1.2463752566803874,0.8202725599487984,0.0944942847236786,-0.10546301399685025,-1.833531131859089,inf,-2.495169223319073,1.623847607276737,-0.2878666120627287,-0.6948607890457668,0.2914271385717315,0.913864344711552,0.8144027523971915,-0.8166326072857147,inf,0.8088677966765486,-0.9441492127435323,-2.13654011962316,-0.3774458296944376,-1.8371062316736448
IMPDH2,-0.5467105098479792,-3.0779347775511874,-0.12673934326581063,0.0640884795137936,-1.8729415576507633,-0.6978037411537419,-2.4013022186719386,-0.8435779035138764,-1.4150113944414011,inf,,-0.3407356052996521,-0.8155908865150397,-0.30860272905545566,-0.2916723331055826,-0.26432284573167786,-4.7091406586391775,-2.322958022032525,-1.1076900351294572,-0.37169956438049284,2.9113215399268073,-0.4122234967273734,-0.7403566191976455,-0.7981456646979272,-1.722196811464632,-1.861739783921211,-0.8160454862624401,0.17489373263428057,1.83893990662995,-0.7903744253184022,-1.9685272874578283,-0.6294812094615323,3.1019743124637467,-2.9431959975012165,0.9921088799222105,-0.4658042228771254,-1.4575231655489096,0.428362865110749,0.11117268923005304,0.21827733922591977,-1.149182164047917,-1.920393500564705,0.4590644625333117,0.10335044469625522,-0.3956670483064264,0.15617724305606878,-0.7903683141062098
ITPA,0.7875531524932599,-0.03173653914105599,1.0388015259500993,-0.25338186468403834,-1.5900193605578334,1.7911494404179031,-2.7935403312717484,5.354623428341299,0.5632100501527235,inf,,1.2561552317468865,0.6777936529070338,0.7585907769820349,0.9979135942683589,0.12349255769255026,-2.6419471526016873,-0.670802015273875,-0.09939021814553377,-2.391968899593346,4.781339559244318,1.1789468628922777,0.4171726805433057,1.5320822471733593,-1.9769314003144989,-0.6690153957998621,0.5794048820097504,-0.2392839386182963,inf,0.898906062005406,1.683628719300821,0.1482056793809749,inf,inf,-0.11062261548261042,-1.1712002207365573,0.20670567351031288,1.2154484519555087,-0.5824461408530259,0.6609799803556177,1.9724591260119535,inf,0.8964534582679164,1.379813622753897,1.428049192371162,1.0683399629509458,-0.18551802212591684
MOCS1,-1.733108815451196,-3.415821719040831,0.32460406448534335,-0.9189002496403724,0.20389387312312462,-0.03693432327628531,-0.7586189980869943,1.0970706543704576,-0.7200744889595598,0.44215927608673383,inf,-3.021014744236377,1.2072890692448024,inf,-0.18955749388333631,-0.780185564458549,-3.3074655375580315,-1.1139279788937648,0.878947586672853,inf,5.5826975793460685,-1.2334228570738899,-0.059111202852162134,0.8665638622170206,-0.3205216903834754,0.12489783788109896,-1.5569022641772547,-3.2762453136169136,1.1791248702529469,0.27763689718409323,2.4331478336233228,0.7557057888310506,inf,-2.956558375698905,2.366816953403093,0.8637211124481947,-1.1177757936109574,0.20200676357886352,2.395891663965359,1.8283516095640207,-0.8629842603866958,inf,-1.3501281978819224,0.4860218098966922,-1.0117701075008947,2.184686888499712,-1.9505720806331703
MOCS2,0.4860135041849629,0.5557092919843419,-0.09414423532949392,0.1991328341464211,-1.9855015682823285,-0.8666099274236155,-1.6780606197188592,-2.424252954779112,-1.5718101431929685,inf,,0.26869222681505656,-0.532172158804196,-1.373857024908663,-0.5156243749778437,-0.6256266046466383,-4.774394954492385,-2.803249817164573,-0.8742860154181483,-2.2024886065966744,2.808001746553889,0.2645315221326169,0.31839220218550474,-1.0154030539961822,1.4452096494724405,-0.21650069696940394,-0.23477943033767049,1.4689336757560472,3.691224262640824,-1.2671648150244057,0.7735733387465694,1.5600783937140879,inf,inf,0.4198945953491255,-0.0557205091836692,-2.0777452218254306,-2.139391771271638,0.5581245516626921,0.482728488851797,-2.3299136773210605,-1.7461810496664723,-0.2974604241313434,0.6458009259510002,0.6980775108621331,0.7610671094695857,-0.49693596506193594
NME7,0.06246980662143549,-1.7443586381255038,0.06319344228875257,-0.07548228956215108,-3.219474707493545,-0.11911318013393912,-0.931142581877778,-1.6799267655305081,0.6687496281824611,inf,,-1.3495516633210478,-0.02545503004177248,0.71409793076748,-0.6840091725614857,-0.8595997438578643,-0.8790850767586413,-3.300257362209586,-0.9739580629177783,-1.4364617458079003,5.288355228351805,1.6637032021842528,0.4582873946608989,0.48758940095880277,0.43800737210823937,-1.128545741293261,0.5263554771512935,0.253603161879477,5.3100195698055686,-0.32018380654275297,1.054173372365105,1.4729466428321387,inf,inf,0.7193536562189737,-0.40833814489351256,-1.4967502548691751,1.5335256851256607,0.5954534342688599,1.2014496348622166,inf,inf,-0.553134234882738,-0.2539761960284312,-1.0483842835526958,-0.4928670830124978,-0.2789204688214219
NUDT16,-1.705304806923538,-2.4298297129839344,-0.3516760860360345,-0.2349006253329326,-1.640579765636372,-1.7832843017498066,-1.4558301466342265,0.20806902149438566,-0.1599784976562013,inf,inf,-1.1739991513282895,-0.7681973030068228,inf,-1.6620623552558764,-1.595578139354099,-4.195007898209411,-3.586432840266305,-2.777981845837113,-3.5299921459222245,2.798966212424036,-1.6129011818749892,-2.3304576267852246,-3.020978498434364,-0.9450296452010676,-2.222076141407585,-2.4278673987414496,-1.1812397822102785,1.6796900491396005,-2.4069638346758175,-0.13246643214069834,-1.1485153129669625,1.9427244549733944,-3.844100736350288,0.07328223307587249,-2.0612959536218507,-2.428817232289383,-1.823039120822455,0.9519559547895873,-0.2102567252783596,-1.635049403618147,inf,-0.6085549194914729,-2.3198431154278873,-1.9737887680596715,-1.8111725557742624,-2.7385787677336397
SUOX,-0.6621681269788651,-0.4565461800362687,-0.01702327074712114,-0.7100743136280685,0.1232131919404506,0.14861510234781689,-0.9648305613535303,3.791107516614495,-1.446562091463648,inf,,-0.6991691258471026,0.5472970396357196,inf,-2.0962087752909655,-1.5713596284462417,inf,-1.5425319634967498,-1.9711201663684068,inf,5.976188400403673,0.9874647066457135,-1.4265863256582365,1.2453147996716407,0.7363011521837783,-0.21881724913536837,-0.44201141474763794,0.8958760937341785,5.460328504144871,-0.7121738665063317,0.8118987710779464,0.7789760716872846,inf,-2.162769938965441,0.8921165542106559,inf,-1.7645599482634742,-1.4636364183249713,-0.4541760890759028,-1.2107499678672549,-1.0691958236532375,inf,-1.8502842775146597,0.7224247924029922,-0.24002200179936742,1.4841866048246566,-1.379176065236154
THY1,-0.2742938212224713,inf,0.2273578778495299,1.2039111643236369,inf,-0.4440395296657134,-3.9476820143464173,1.5362422101897808,inf,inf,,3.6182296825298423,0.5344877925587744,-0.9805134068137933,0.2588094104725307,1.9106749672902728,-2.0591232415101532,-0.6729406049034947,-1.0311394798837539,-4.131073083389174,5.163393929781518,1.9461742201861991,-0.35939551116496654,inf,1.1908550114981915,inf,0.4961750979569356,-0.5430919839400603,5.959841722972047,-1.6964895957901818,2.0600017529249253,1.801418918363907,inf,0.42928744409890285,1.735235701442721,1.177158436717952,-0.9798574872567346,inf,-0.9065128253700105,-0.270769281382609,1.3113574542174036,-1.1780033074763447,1.8556798187799477,2.9720155469445326,3.0486762075303737,1.514922067428215,1.5083372013543621
TPMT,-0.006427339038742635,inf,0.38384848245366243,0.11657340596428113,-1.9570296840757198,0.1489821507234799,-0.46011093664854164,-1.7446595088354566,0.46075983389727904,inf,,-0.52119961054251,0.7579514452902676,inf,-2.1764516513071306,-0.06664000374124922,-3.0089574761195736,-1.0378123387917613,0.0571614143935983,-1.7589792231112285,3.932219383784486,0.7577432092041074,1.0040005480540997,1.7500344243766293,0.8259832776099301,-0.4510632185965903,-0.6456047273502274,0.11169240183972853,2.785855207863324,0.3540457152354828,1.7316558950617755,1.1031234507504462,inf,inf,1.9374045602783423,-0.9532480435332893,-0.31230774345261897,-0.9589167936199824,1.6355060363502414,0.29396965683773146,-0.564476198948249,-0.06658760372281763,0.11909861597851762,1.0305561068722393,-0.8113458195899416,-0.6191728673532402,-2.137490846364959
TYR,0,0,0,0,0,0,0,0,0,0,,0,0,0,inf,0,0,0,0,0,inf,inf,inf,0,0,0,inf,0,inf,inf,inf,0,0,0,0,0,0,0,0,0,0,0,0,0,0,0,0
PRKG2,0.37775505159574524,inf,-2.4822108944487105,2.0287510248286647,inf,-0.44000544055309027,-2.38587655967518,0.255694396487271,inf,inf,inf,1.9486395780814403,-1.9317911934537104,inf,0.9201505386946812,-1.4074431260467384,inf,inf,inf,inf,7.140779152189892,3.7243956525120523,1.4585581505383232,inf,2.015694872003225,inf,0.5218130838590218,0.9513844707990476,7.69309970879457,-0.5463412318684261,1.5063299901762286,2.1408319516986944,inf,inf,3.034006750280161,-0.7635364491399983,inf,inf,0.24025513002238044,0.6536062526733408,inf,inf,inf,inf,-0.6604147291506238,inf,-2.684744846137871
CYGB,-2.426395104459642,0.8216655682996074,-1.8213784082750513,-0.9215726616369562,-3.0655650795683522,-1.9290266874640523,-1.6841235495611038,3.351761013243412,2.6528841679360364,inf,inf,-1.0763092061237882,-0.041440203973051634,-1.1319924413073272,-0.05616835630388309,-1.0427251032102345,inf,-1.1463477342843937,-0.2895337182938031,-3.2825521178827044,-1.0626739193295303,-0.8598951097830317,-2.263975674282061,-2.3585009711160025,-1.8675146186038607,0.025363886631931787,-2.127105782414641,-3.3111582755063043,4.194219736256936,-3.0767722854073103,0.7930455010114591,-0.5199851175719368,6.194219736256936,-3.181623209031928,0.7357597603942339,-0.7398553441385628,-1.636571830000691,-0.1605615935040961,-2.0579918598635465,-0.059678236491427464,-2.0880490937197247,inf,0.3210122669047042,-1.4132452696371078,-2.1560883875187833,-2.3399781095627614,-1.895528994773458
MTX1,-1.053908445578751,inf,0.8693178820109562,-0.7089022398169592,inf,-0.3724347954058107,-0.9860263005708704,-1.8287022598458498,1.038847444130503,3.964846862686718,,0.016246015193369774,-0.11227637851185925,inf,-1.1945723750307675,-0.4226303662212705,inf,-1.4482504852941582,-1.2918761874446585,0.0005076318286843895,5.582010541795153,0.734455607231993,-0.44676244863121384,inf,-0.16941736961362527,inf,-0.5885195570035758,-1.6697464057590325,1.701812456852931,-1.653801508854198,-0.09381975071946269,-1.0442802899181514,inf,0.5164740399583063,1.6968914152182635,0.8062388114066231,-0.2488147016226059,-0.19942993868006667,-0.03796651598594698,1.5559568523068363,inf,inf,-2.2868722299192377,-1.0032438893585303,0.2089330235553848,1.9049753789735957,0.4699929151299109
CR,,,,,,,,,,,,,,,,,,,,,,,,,,,,,,,,,,,,,,,,,,,,,,,
DDAH1,0.2507340364485209,-1.8328008261623236,0.06273510311941294,-0.4125545763985616,-4.189764663658337,-0.9855226321003473,-4.030715554987541,0.9443490943521978,-0.2655377955542602,inf,inf,-1.6208579085076782,-0.32511758727412826,-0.47858444673375905,-2.8766915500627315,-1.3518424032180087,-3.2941598755963266,-2.7559741455446187,-2.429674846252813,-6.214106624030299,2.3440985523393327,0.49058813954265784,0.43424435216173146,0.5172994447940132,0.8302874953281584,-0.9061906195156558,0.4197674851018689,0.8738122447832726,0.7621457631314479,0.014456503298538129,1.4058115110876714,0.26466741027987867,5.347108263852612,-0.6537460965422239,1.0672396600804384,-1.3494817553987863,-1.3128692809062072,-1.5071535989305282,0.6543098237635954,0.12424447478091417,-2.2122486778097095,-1.260222049896995,0.5460505802562137,-0.14383225035729852,0.2848502250523617,0.7609937958800731,-0.8165142592108601
DDAH2,-0.8566643722037246,-0.9091188828906153,1.0004821826804762,0.9305489708348907,-1.3536211051447653,0.4948529598608262,-0.9215535020675565,1.9279024936013047,1.0361595162941903,inf,,-0.6971759652359698,0.8185654723845571,0.3575591117798029,0.3744895077296823,-0.4318672539009691,-4.627941318525072,-1.9198305870310566,-1.1311880736820425,-2.377963065516728,2.97564311865862,-0.6797166326024996,1.1290654289821047,-1.4539119187500265,0.2069994352044273,-0.333081466835884,-0.99402144984415,-1.1428342742617983,1.1008652056820047,0.3368537123099643,1.2825970540985885,0.8991771076237973,inf,-1.692071655944793,2.4477037348178157,1.5976931155035259,-1.328627083403507,-1.5779006360254806,1.168525287389794,1.5576288637940743,-2.183460041353747,inf,-0.8878194810901622,0.30509155352137035,-0.6025037346990336,1.0412962427723236,-0.1715121880493008
ASRGL1,-1.2248064825079665,inf,0.7220234991281521,-1.8511126929979376,inf,1.0983616822785731,0.36361634257782127,1.9322680969061543,-4.419860235756905,inf,,-3.0350373495250675,0.8169174559418431,0.7458224493892893,-0.5002815604946291,-0.9534061073199076,inf,-1.2685328435877774,0.13576896770530172,-0.4047372271860892,6.751325255562321,-0.5627482439463382,1.9193454959570386,-0.48068608041938626,-0.4047372271860883,-0.6817837233926078,-1.812242308678591,-0.711777972906569,3.750064765685409,0.3116159784925404,2.0858978909869164,0.3578297731246771,inf,1.018119776552053,1.4615715576458,0.9859564531130036,0.49650011593799964,1.7172532971925203,3.5747105329965407,2.3486513709039625,inf,-3.272303047343047,-0.06869491964444305,-2.954991580526053,-3.683647812378053,inf,-3.105176945327181
DHNTP,,,,,,,,,,,,,,,,,,,,,,,,,,,,,,,,,,,,,,,,,,,,,,,
DNAJC12,inf,0,inf,inf,inf,inf,0,0,0,0,,inf,inf,0,0,inf,inf,0,inf,0,inf,inf,inf,0,inf,inf,inf,inf,inf,inf,inf,inf,0,0,0,0,inf,0,inf,inf,0,0,0,0,inf,0,inf
APBA2,-1.919659270137285,-0.5347600519261213,0.417609312682987,inf,-2.958524192545108,0.34801060789016786,inf,-2.055290680052279,inf,inf,,-3.947307999179274,1.1357578588506931,inf,-3.5929836590553608,-0.4831720114894819,inf,inf,-2.297970048690494,-2.1755112308594606,5.962742702658736,0.9767103429011648,-0.47044481832065355,inf,-1.760473731580614,inf,-1.5648023494509269,0.5350316871934161,6.230111538809967,-0.17387156220262248,2.315123887313547,-0.63533665188514,inf,-0.07458232200867602,1.842800647417481,-1.954742552002678,-0.4837272533643253,0.20951369935294492,1.0490490271597026,0.6847925711471066,1.0189917933035282,inf,-0.343535648683354,-1.8985663500982635,-1.270960087549085,inf,inf
FOXP2,0.12015826688562373,0.8567105906516657,0.6524725974944897,4.2193391236500295,-0.22163503203850116,2.3531696936615396,-0.5771590961974638,4.0641004170887,0.7886921672230139,3.714691585779229,,2.172083097961717,2.150262183994551,inf,1.8663715259223324,2.917849863171884,-1.0105284182485672,0.697582313245453,-0.14604338890504498,inf,7.864008384301668,1.856803962788359,1.6000837529789338,1.7484634822476413,4.354927052179717,-1.037596661446737,-0.20045474011185418,2.934230631243669,5.259012102003044,0.35247477310649533,3.5374398749903926,4.620926667715042,inf,inf,3.8900299285362383,1.6301435150588748,-2.0687661877450765,1.0395122642510295,2.1644498109200296,3.150379709836318,inf,-0.9857481323618587,0.9224041118105786,0.7953412771525735,-0.208212423091216,1.694042216161116,0.931327539397453
ARHGEF12,-0.6312312744491978,-1.0877314534373765,-0.009139340896552607,0.25707095108061967,-1.0300270839918588,-0.0644679518697875,-0.6485855539846181,-0.5167637270780373,-0.9672853148621497,-0.6220678810885715,,-1.3418500380860419,-0.024182920846391454,-1.6632695997417335,-0.6433367156303326,-1.0094315497546658,-3.3413415048543635,-1.2051371212560578,-0.29628422986902786,-0.9758860344260829,3.2874465319943065,-0.4556375140985471,0.4940481831559863,0.4321499653369533,-0.2531143218426335,-0.2428788659686814,-1.1199153077887922,0.3302485394811167,-0.0777473648647544,0.28701460540728996,0.7978212428172592,0.689819426632091,1.6998602137987926,-1.012460649325242,1.8735093674694587,0.9429923027798828,-1.343311054704136,0.5831682955613677,1.0803247328903824,1.3137962899263467,-1.2408146289003967,-4.515152677172046,-0.17681944746023653,-0.1428964657847129,-0.2693175300333061,1.8606743212609678,-0.5577476311250835
CDK5R1,-0.15777291179798306,2.5694910159428854,2.278833115680534,4.002382651310998,2.665745155437197,3.7055745550793575,2.047186685444445,2.048960387816726,inf,inf,,0.15694306868973154,5.522545733448445,inf,2.0312856889269444,1.4406576183517308,inf,inf,1.741336798570657,inf,12.174540350612883,3.647737615783715,3.0508811690021878,inf,3.8637956164016916,inf,0.6424904788863804,3.918384920814842,7.164437605236662,3.277126300832633,8.52435573601701,5.403970195376009,inf,inf,4.1451419005124235,inf,1.140542094617986,inf,4.6733183751420055,3.501706997071808,inf,inf,1.1757529184644928,2.2056847177707417,0.9567852570670139,5.165191114433929,1.7483183989817546
FYN,-0.9853256162439182,-2.357032917762535,1.1670778928317929,1.3149696822024914,-2.113590303112341,1.3391829545373821,0.12844817022948368,1.2762417901903405,-1.8752452858836437,inf,,-1.297093093552934,1.490688277882549,inf,0.3963401397125724,1.236761886404836,-0.61902974224968,-0.31301745432700373,0.14033858127962603,0.06535133490444725,3.8313992025209194,-0.36149140686490244,1.612236791999702,-1.0694912073824232,0.19408464902664566,-0.46323392829803883,-1.1437851407178241,-1.486952252015699,-1.084014423356118,1.0594561473771753,0.6125699814438145,1.1580669369075438,1.5009480773650383,-0.3076509445771911,2.8043794557025166,1.7920109434911873,-0.619934336680242,0.5434856695083292,2.564918640423475,2.375310833059425,-1.2140768292649853,-5.521419735663418,-0.26534418807067983,-0.30595297487137085,-0.8468146480727007,0.9823377407879966,0.5154712933387324
GPX1,-0.1972674405012849,-1.914148081783619,0.9227911068285161,-0.8017624564278589,-2.3347971651051567,0.45228521698583873,-2.3288647701901204,2.55021439770001,-0.22925936717704337,3.3588704126227897,,-1.2969486856427146,0.37162333554463806,-1.986187027565287,-1.772859418811911,-1.6056883918037526,-1.9944075343702483,-1.8306173191000417,-2.4866160180747743,-1.7444292813619073,0.7603568850522694,-0.18204557775683936,-0.6570340188060697,-0.04277055593165212,-2.02126948672073,-2.606438278289578,-0.7006464811168827,0.49588780926115505,0.0958360067890012,-0.22891106359670668,-0.47618658452535095,-1.481094907746414,inf,-0.9483549540395504,-0.27043791930877475,-0.4565464066465869,-1.7725373846740318,-1.014756179762058,1.2577385553208094,-0.22581682906413408,-1.3572811792565267,-1.7566068047971386,0.6921138207379874,-0.08912468645266186,-0.4309859756659442,-0.9159879696354889,-1.4109216675796608
SLC6A4,-4.024042403997437,inf,0.7090546777829743,inf,inf,0.8815814390538464,inf,2.3281243977706763,inf,inf,,inf,-0.6797710170339228,inf,inf,-4.939800067043089,-4.181677821280317,inf,inf,-3.9316995682719758,5.4794242488851745,-0.7034875260948299,2.635663901203321,-2.007648421505271,inf,inf,-2.4376491151695503,-1.6666372138854804,1.1643779712574855,-1.552511553091431,0.1438980506221909,-2.976487490018811,3.1643779712574904,-2.8307706594211965,4.809078334476055,1.0439566127482798,-5.239915590776832,-0.8097090438933577,4.364323052303813,2.4962887430239116,inf,inf,0.9830482065429286,-1.2327662777476027,-0.07600683961247001,1.9444711334497784,-1.725248690804547
MAGED1,-0.33166652611251596,-1.091406357527906,0.8754738312603888,-0.15523646720055162,-1.558988158932883,1.0512881043936655,-0.4824012104540594,2.423686924076652,1.8375664691711069,1.4446465427122948,inf,0.21851171969003697,0.2074460115470239,0.7896219786069854,-1.1595002935198009,-1.176393118797116,-3.09634277814698,-1.0320882364276869,-0.44944918387608884,-1.8463645251386382,3.9413528556292827,0.3448129979042477,0.2606781685774669,0.07768662162806678,0.8317073799740018,-1.2754141147902014,0.19439556515441903,-0.7291144147545943,2.9889670589361104,-0.11527353605203193,-1.092695001131834,0.6695625075890044,inf,-0.7454356162878585,2.186302646115374,-0.0406333455606956,-0.6185276474032878,-0.783267689813592,1.3600483861702655,-0.1611474296901603,1.4185278269157453,-1.6708306747076336,1.123664787669229,1.3082400420863878,1.3771159503108097,2.0645709583695715,0.36967240115798905
NR4A2,-2.726733095267182,-2.5734322172503017,-0.2337457770818528,1.1920487589328492,-2.282092260690881,-1.4564816333167567,-3.637616324849844,-2.0939628453764576,-1.4626474878901872,inf,,inf,-1.2859046623727268,inf,-2.9165517272011376,0.41881962077987006,-3.0709856469009473,-3.684803010294283,-2.721073790387182,-2.8210073938925966,2.9837648462470936,0.10065328973352883,-0.10722420206304081,inf,-0.8210073938925941,-1.098053890099115,-2.9311575627323787,-0.586865782558382,0.0215143720434763,-1.9086921825356329,-0.33037227571959255,-1.5438672207520727,inf,inf,3.179157137674083,2.5696862864064984,-3.544260915676304,1.3009831304860118,-1.5964471358734384,3.5628583641709795,-0.6265043697296111,-3.4158909402638242,-2.159815392671087,-2.404077110497771,-1.9515985456062963,-1.3671311678998095,-0.936484611312536
TDO2,-4.330792001355537,2.450459166766172,0.17561808753471617,-0.8380740584654452,inf,0.21475732416135726,-4.115198119219357,-0.8774263834175914,inf,inf,,-0.18448120182342517,-0.8755723619246144,inf,inf,-2.721727186312072,0.206320060893013,inf,inf,inf,3.1458514960472774,1.3487459924659069,0.3089874416685827,6.400249018105763,-0.2985891882621115,inf,-1.6920899213536302,1.2961537885659116,3.238050834002344,-0.3205200623715156,-0.22299156936794887,-1.7584146092877937,9.40797583544466,1.9722647220309788,0.5677195965697771,-2.492858008684176,1.0005251029826392,-1.913564258049709,-2.48906642952179,-1.0757153068708365,inf,inf,-1.7506338527698244,-0.5756031595126746,inf,-1.5738203317829642,-4.414066405682048
NR4A1,-3.48647890807111,-2.4232880467144873,-1.9213046334521109,1.9128423865557385,-0.7192509928442286,-1.341811725210337,0.3379185018073555,-2.5131843205107804,-2.4349240002456183,-2.0888690076439342,inf,-5.658958231883555,-0.5478129960044882,-1.0524648952781006,-1.391678309553506,-1.4429407458476735,-3.868040324140673,-0.8188926748115866,-0.43471245943927633,-3.8810964769661176,3.6034127417343247,-1.6688180369200516,-0.5254029025826821,-2.2789734250867815,-1.4660589776872774,0.16378512171472787,-3.69969245943929,-2.3138667498442533,-1.7669409127565698,-1.8330690346372316,1.0949654683771206,-1.9258843987129597,inf,-0.7097782402239518,2.078321712257254,2.182651033678987,-4.810800876217254,0.5277751952006515,-0.5861468910555648,4.048369349547839,-2.686593452803139,inf,-3.585700598086418,-1.9967083280380153,-3.209258924341579,-0.10151486605532972,-0.7741812730496098
NR4A3,-2.699637607807505,-2.2534067390540713,-0.911483400300927,4.107534825678939,-2.206382593694767,-2.0928543138245366,-1.7743149906175586,inf,-4.243422650481452,inf,,-4.080992185586065,-1.9514643034065335,inf,-0.4002694688190455,0.16205438344433765,-2.8957403063539178,-0.14032386008154235,0.8300384521580022,-5.2307245540667315,4.3326347799984255,1.9890462796224992,1.7974546040207253,-0.49931848524242256,-2.008332132730282,2.458013234388838,-3.2200615600177804,0.823122174274539,2.800971468877001,-0.7383405142821501,0.5818386589936401,-2.468157553755963,2.9265023509608614,0.4551668555052051,1.2470189428475071,2.449475743427351,-1.4945464572131382,0.6986208923694851,-2.0061642960475687,2.6551143400469766,-3.036221529903749,-3.095865462067591,-1.3252167416451013,-1.1909915748478133,-3.0368825608171712,-1.4509143340296227,-1.5048995175057263
TG,0.17373759855075407,inf,0.7186417630169983,0.923941296708348,inf,0.7954375446690214,inf,-0.37829306117175804,inf,inf,,-2.2703103802987523,0.5515926602940053,4.93591393837443,-0.6321181663968554,6.029919195478174,-0.4646239912092985,-0.07844135460264001,inf,-0.21464573820095664,8.900248349162537,3.211764517413031,0.935093746064386,inf,inf,inf,-0.34032376954701565,0.701086621869439,6.54453907830578,2.061333070385992,9.72720049180438,0.7405663400522078,inf,0.886283170649823,0.481738045188622,inf,0.47713823929418403,inf,0.009914519818211771,1.423265642469165,0.9798572859620285,inf,-0.2515005305239912,-0.7321583901289992,0.678498620406482,1.2420929788914057,-1.9150854563420467
CADPS,0.8586706221441156,inf,-1.3465590111905943,2.698918619327228,2.21027803000838,-0.21985851807873635,1.743722653460678,inf,2.3711716139072117,inf,inf,4.408071196718746,2.0821039928895315,inf,0.7278216569431772,1.9027283327309408,0.573387737243368,inf,1.1159446716995285,inf,9.832667955665563,6.671462926086886,2.0269192692084625,inf,3.045758411588164,3.131281994766354,1.9504726805987398,5.847609657850201,11.12605911607068,0.6921396265929418,5.314001108424723,4.422434258279601,inf,inf,2.1047122743624502,inf,-2.4848500322531435,inf,inf,inf,inf,inf,inf,3.2510777684169074,4.107384037286061,0.9667301654228955,inf
CADM4,0.27258539431411866,2.0994908792003883,0.9060506020093154,1.6793430809904684,1.5650980064531226,0.5263178570033058,0.46111270929012255,0.5789602510742278,2.6253131078393452,inf,,3.101980431226085,-0.030408820340637376,inf,inf,1.7025805487523629,inf,1.9988885245668344,1.1552628224163364,inf,5.355835731119246,2.037405488620014,1.9703024944189949,1.4648071928478665,3.763148467417611,1.2637095498746447,-1.9362358079342818,1.0052261405990668,4.109474967773008,0.302591643922204,2.0313911642541704,4.665893125776638,inf,inf,1.23713982947074,1.346487225659104,-1.767459976423695,0.34081847557241063,2.0872443989876865,1.5937049260301268,2.7352590702441497,1.6720696554657124,-0.8792097189991603,-1.15731157292189,-1.9221113752848253,-1.330164004753904,-2.159683672059929
HTR2A,0.7217119804496289,inf,2.600761210567896,inf,inf,2.026252589199755,inf,inf,inf,inf,,inf,2.11339286093405,inf,2.0312856889269444,5.298638613479302,inf,2.5849625007211596,1.741336798570653,inf,11.680186418328017,4.530407420905143,2.819407608464296,inf,4.448758117122846,inf,1.7477537879548974,3.199915705115576,9.21533075750226,1.8867220132511957,6.939393235295851,5.573895196818318,inf,4.549687025973627,3.1451419005124217,inf,2.725504595339139,inf,inf,inf,inf,inf,1.419291148672489,2.141189294749756,1.9613519931079806,3.17233908136453,3.3332808997029093
HTR2B,-3.8548870989599484,inf,-0.6948395669046971,1.9845250417175522,inf,-0.6893126762566184,0.029329075850996075,inf,inf,inf,,1.028389294738365,-0.9315012970164999,inf,-2.571534421387661,1.297269126674421,inf,inf,-0.8614833117439502,-0.15406199319175684,5.486502173129328,1.94263227625737,-1.555851788986445,0.7699891535749447,1.2609755060870864,inf,-0.5919031233468184,0.4288828623701006,3.7139557363979327,-0.4774606235799482,2.9215356257024063,2.8886129263117444,inf,inf,0.5423217901978186,-0.9332933143349778,-1.4622780156966164,inf,-0.9295017351725922,inf,inf,inf,-1.274728950374236,0.032131696424188554,2.0774632594546785,0.976811237796225,1.0523888842756686
HTR2C,inf,0,0,0,0,0,0,0,0,0,,0,0,0,0,0,0,0,0,0,inf,inf,0,0,0,0,inf,inf,inf,0,0,0,0,0,0,0,0,0,0,0,inf,0,0,inf,0,0,0
P2RX7,1.7475191455606227,0.14381980320626278,-0.00037042471398798316,-0.4854478085465862,inf,0.7129831808301538,-4.247998696470741,-0.2392073011699637,-2.1681242031084804,2.6798727034464638,,-3.590656238934247,-0.025337846843380155,inf,-0.509012190824771,-3.854527763563451,-1.7744774229133167,-3.710222881194021,-4.553848583344528,-3.846427264792337,5.13136224288481,1.946265427761903,-0.4288149954099978,inf,-1.1094616706261304,inf,-1.7579631903647022,0.8435430499071038,4.738766392500039,0.9007146412289482,0.22917035410182923,-0.08386026448156685,inf,-2.745498355941558,0.8499565185972364,-0.16622696729825776,-0.7283785325950985,-2.046364835301088,-0.6218670067731745,0.29398445640697074,-2.651924240629352,-2.0205670146946235,0.23550853289811036,-0.11309788475144728,-1.015268466700161,-0.899774963888313,-0.22493888804606493
SLC2A4,inf,1.4273357084541825,-0.45314907097141754,4.696665219361139,6.20054950948015,-1.8544015995053549,6.292484422292406,-1.6781574203931362,6.043221635440323,4.70035420286059,,3.856090015181977,0.005045512166035421,inf,0.2993035022749937,3.9566029451433624,inf,2.174908408956566,3.963550922305579,2.3017384311920486,9.39397939442452,2.5861911037247753,-0.31336923314927845,3.225789577958753,5.9897944248773145,6.194616936427847,-1.1055975490023229,inf,5.437319797026803,-1.8452601734007552,3.7923735493650588,4.671988008724055,inf,inf,2.7350878087478336,2.9375446093276794,-2.5914400920339666,0.5168383599621413,1.526298689211212,1.7697248104198577,inf,inf,0.44863511025463726,0.6109845465835039,-3.594266546031031,0.43081838035698294,-0.39870128694904144
STXBP5,-0.33109300887458654,-1.0255909359932216,0.5648216930528441,-0.19793188431807934,-1.589017164214252,0.3120528788879362,-0.586087257460733,2.880143190582717,-4.337534942307965,inf,,-1.0051794759702661,0.06382155408028685,inf,-0.4320632525359215,-0.38526140249584434,-3.756422173678044,-1.2003145356290725,-0.7220121428922123,-0.047012302032396376,4.2465566277716045,0.23257069447020445,0.3996974457649034,-1.5823927739029937,0.9960564198594888,-0.6135654154338978,-0.39942110235858014,0.2807233053680777,3.0547824804707946,0.22650657813214495,-0.01580880249668974,1.1766886121466666,3.8323900591343487,-2.4055150118189124,1.3993932283488328,0.10664218096585143,-0.7485707527167839,-0.536456489736138,0.5254712594070705,1.1903611490539896,-1.3119408965067083,inf,0.5806709665283892,0.7600719382134563,0.4412631646539272,1.4228598537396582,0.6386064121335885
STXBP1,0.4649953272519121,-0.34564796759885785,-0.11436273741623536,0.39696026183822125,0.03829645963442756,0.2818051412809428,-0.21031240060802234,-0.6735335177826193,-0.8831516743287283,inf,inf,-1.1732334141308483,0.217367728841047,-2.0504987151330023,-1.192266065202183,-0.3022682948709775,-3.8660741439955646,-0.6725365853313067,-0.2937698661453625,-3.616095890987224,3.6660167429036963,0.1067907236787747,0.602823991077555,-1.2770072449416778,0.7058322039001377,-0.6707499658572953,-0.9372027071791529,0.5141458782534721,2.026906200358473,0.15607095323633044,-0.3884951786480154,1.426579028516277,3.0269062003584724,-1.2927745607999992,2.0031200318798934,0.6046727878695608,-2.464880294854786,0.7689290392251802,1.1320263230889487,1.6592454102981853,-4.006555367545397,-1.9954616126699798,0.26061393492275436,-0.7659952452336527,-0.9575532886122848,-0.36795438705331596,-1.2010583917083781
STXBP2,-1.1432577381863134,-3.4979524913382116,-0.5167114769181533,-3.311964094145978,-5.233564090740928,-0.23031343237262802,-4.04476763867608,4.630773058052938,-1.3871677619780984,2.944991004510508,inf,-5.910500438591366,0.792870477444003,-1.2999914524799028,-3.0606686351935806,-2.7037641256629272,-1.8931744600060243,-3.3143467454569704,-4.157972447607472,0.5036451813315891,4.213958505430338,0.23671152330112258,-1.0672657180813776,-1.9415374815674242,-4.035513629776439,inf,-0.9478570141583281,-0.05148080598440891,3.9043490200131687,-0.8410597312904508,0.21000899056003328,-3.910376550080964,3.6819565986767206,-0.649182502063413,0.7052642729715928,-0.020329084569549506,0.6249371409139055,-4.650488699564036,0.05941134782612451,0.3837574644183384,-0.9341200100049376,-1.01848311946437,-0.3067280880954436,-0.0693736001114176,-0.6785171785105699,-0.297337657113894,-3.450551129055283
STXBP4,-1.4632249083274698,-3.47776275755481,0.011117914413314509,0.0048104467795256935,-2.7912586677315687,-1.127782920143484,-2.0878890428369563,2.776493673920204,-4.467778668982191,inf,,-0.9834201091994408,-0.654957852252706,inf,-1.487118678905966,-0.6240287820382789,-3.8431864597754277,-1.8720413224476058,-3.1307045238769557,-1.5932082067670803,5.734442899347029,0.7799387199530428,0.17187953655446123,-1.6691570600003773,0.7760256028986405,-1.5483266080862288,-0.2699042343523317,-0.36130543713557745,5.024074427347481,-0.254646365326586,1.0673519128482378,1.0344292134575774,inf,inf,1.831096031185697,-0.565084605852694,-1.4419926106346417,1.251248342082624,1.6537198642805357,2.029596281512832,-0.813742681882938,-3.3202214805683337,0.6520611010238141,-0.5476480368629986,-0.9047324012609038,0.18803000016369847,-2.5932082067670783
HTR1A,0,0,0,0,0,0,0,0,0,0,,0,0,0,0,0,0,inf,0,0,inf,inf,0,0,0,0,0,0,inf,inf,inf,0,0,0,0,0,0,0,0,0,0,0,0,0,0,0,0
HTR1B,0,0,0,inf,0,inf,0,0,0,0,,0,inf,0,0,inf,0,0,inf,0,inf,inf,0,0,0,0,inf,0,0,0,inf,inf,0,0,0,0,0,0,0,0,0,0,0,inf,inf,inf,inf
HTR1D,inf,inf,0,0,0,0,0,2.292498618024719,inf,inf,inf,inf,0,0,0,0,0,0,0,0,inf,5.155329040418476,0,0,0,0,-0.02595728495583412,3.9161227391149853,10.57790083688697,0,inf,inf,10.992938336165814,0,inf,0,0,0,0,0,0,inf,inf,1.7029194892332,inf,inf,0
HTR6,0,0,0,0,0,0,0,0,0,0,,0,inf,0,0,0,0,0,0,0,inf,inf,0,0,0,0,inf,0,inf,0,0,0,0,0,0,0,0,0,0,0,0,0,0,0,0,0,0
HTR7,inf,0,inf,inf,0,inf,0,inf,inf,0,,0,0,0,inf,0,0,0,0,0,inf,inf,inf,0,inf,0,inf,0,inf,inf,inf,0,0,0,inf,inf,inf,0,inf,0,0,0,inf,inf,inf,inf,inf
TIPRL,-0.23873335223908285,-0.3180342547987029,0.07691846968919404,-0.006689679053471915,-1.6652552698146301,0.05631702989948958,-0.6988512390862263,2.5809740085889175,0.33154759107191917,inf,,0.23289192192303346,-0.3827446305422605,inf,-0.4584124823439391,-0.5445679700583665,-3.717183061858486,-2.7460379245306683,-0.4197386252388563,-2.467204808850137,2.307455986803464,0.8170573371025697,0.3175605605412561,0.2642012599741703,0.7551876124863107,-0.5743263036143395,0.08865527194405119,1.267952097462617,2.5399467403288627,-0.2053959832486604,0.6083928100440279,0.6974606350319758,inf,-1.7813133992782022,0.03653389659704965,0.6115448651342201,-0.43557082847037276,0.2397482162496312,-0.1551817095806393,0.1093060271558374,inf,-1.482421072699585,0.6101557426102696,0.3028134736483423,0.9718891793324493,1.5000442326575407,0.06117416350465217
