,fold-change Control1 1b24,fold-change Control1 1b60,fold-change Control2 6a24,fold-change Control2 6a60,fold-change Control2 6b24,fold-change Control2 6b60
DUOX1,2.2318618268041295,3.1271773287093665,-0.07106326611195679,-0.3877703698302131,-0.5631761515561969,0.4712985462431832
ADAR,0.179920850326513,0.9539243221452467,0.758192587978519,0.9274193934132228,0.2920148103710564,1.4612629335935607
ANXA1,0.7355659919540826,0.9012407381264509,2.2492842703725016,1.0283397284184432,3.463729039114677,1.3299581737887904
ANXA2,0.6954108153981492,0.6764428499888854,1.9368728756002085,0.82658282111276,3.2044516531206386,1.0098665635513355
BST2,3.2313071292409528,0.8151335001042131,inf,-1.2127880983393777,inf,1.6361950751816456
CREBBP,0.011530941530772559,1.1748923761949597,0.9100781268393565,0.8963382421206674,2.2146048369311355,1.4077312108287097
DDX58,0.7831587567894663,1.603880301218525,0.5617730887423485,1.2543775575308127,1.7538384069375113,3.1047598399988914
DUOX2,-3.46011746757597,-2.513585003158198,-4.368219476490606,-1.6414874496307692,-7.076012130353212,-1.9973189075495992
EEF1G,1.5561891486222295,0.4298983943015274,0.8017163844133934,-0.009865079255440808,1.3461774589369793,0.16362968858971993
FADD,1.7719889262823512,0.9161213780146445,1.7768487613673465,0.669506202136529,2.2473038174254722,1.1806135768337191
GBP1,-0.2626717963065273,1.5096967634529583,2.616650048961328,0.9904454152197631,2.9122888692756974,2.497650835675716
GBP2,0.24489714342864566,1.3529407881542614,-0.6687901200343463,-1.1565547236320766,0.14590791312695264,-0.17813177966087024
GBP6,inf,2.1842322526366496,inf,0.1540680569953248,0.12548233928982536,1.1980586732313891
IFI35,0.5372996770395203,1.2191553978384888,0.791363268532227,0.5049966093979755,1.38245315207969,1.8624959087835236
IFI44,0.874957458810289,1.8933672293717145,1.4020080332349343,1.1713859984048234,inf,7.822969855588892
IFI44L,3.05261094989957,5.019740681374797,inf,1.0690863284115255,5.433842890597235,8.369351405164958
IFI6,0.3460016206704653,3.184302004100919,0.1352294153148745,0.4434267866017238,4.285734753791798,4.887206101112065
IFIH1,-0.03479411504040548,0.9939682181210501,-0.3166225530017752,0.772683117889004,3.3559050413656366,3.2792188526346746
IFIT1,1.791203818911413,3.5992140027409008,2.81263441446645,1.9462474684577369,7.54932010826336,9.861696643339807
IFIT2,2.373725790929854,2.536221738732854,inf,inf,inf,inf
IFIT3,0.9756580855777226,3.001730138114129,0.9869705344600141,0.835910162633847,6.300348346224128,8.545808444135986
IFIT5,1.0087024115973036,1.7023082562930771,0.15277671666041975,0.7843999543638013,2.9426661400397602,2.846812134277898
IFITM1,1.0314579800563421,2.5910923060130884,0.21178739875838384,0.04054644185518367,2.1593694032259685,4.22162202098958
IFITM10,0.001798558584227988,-0.024060901768735158,-0.386887271624229,-1.1125014581824852,-1.459228751352976,-1.2813355653453369
IFITM2,-0.7445251684099318,-0.32070929578625423,0.8943162139247642,0.4706639641529025,1.1533699768738903,1.4136870639404662
IFITM3,1.2575460266828953,2.0254639805233414,1.0555750371656483,0.41239724925544163,1.8925595889038411,2.306417565657349
IFITM5,,,,,,
IFNA1,,,,,,
IFNA2,,,,,,
IFNAR1,0.03850006260008095,0.5739204744942747,0.08825896030965825,-0.11595776036750416,1.0791277523665772,0.6467924108873864
IFNAR2,-0.11236753513462856,0.41528787877694756,0.5137985647556532,0.0967038029488066,0.9980769123794344,0.2173360612275009
IFNB1,inf,3.634826890151552,2.1160662754493726,inf,inf,0.10553041044267776
IFNL1,inf,inf,0,0,0,inf
IFNL2,0,inf,0,0,inf,inf
IRAK1,1.2357053569587175,-0.08723316971768276,0.9401930369894475,0.6205951030601227,1.4458242946149638,1.0401488242624197
IRF1,0.7945529566100299,1.067156413525568,1.178193552729328,-0.08420134086597904,1.4999099099624884,0.6906251358189799
IRF2,0.3044601648923832,0.03312809824148822,0.3363125399691711,-0.5929065589802536,0.4135920673832547,-0.2638758236266546
IRF2BP1,2.2669107767285106,-0.13769584222499737,0.7207839231498193,1.201019304959385,0.892364554099004,1.2379284353833726
IRF2BP2,-0.022352994238842464,0.21777445049381208,0.03815081209040279,0.10531438413700105,0.9967242872657637,0.1060008627055073
IRF2BPL,1.4516590993055036,0.7315904083021889,-0.03068784614714941,0.0427280372130334,0.2866671225697879,0.31116904732490636
IRF3,0.8390552242309348,-0.002687294898580102,1.0645660350001904,0.7822006105570165,1.2887528385202558,1.0399065701610115
IRF4,,,,,,
IRF5,0.3118814074565643,1.6947797524786732,-0.5979919656332817,inf,1.4659134849329891,1.7859039182817944
IRF6,0.502064405700886,0.3380804894185619,0.7360309946855663,-0.2687663913358488,2.0566851661269894,-0.05379351189792495
IRF7,1.008055718203785,0.9661343250064452,0.3681212946823481,-0.2582490271225452,1.0812347133392515,1.0101614037803703
IRF8,0.4181465770058579,1.4669230755693623,1.5835222008351875,1.0823422015103008,1.2601299643304862,1.0666494419474544
IRF9,-0.7036179027725696,1.4077171301979152,0.7675309912000029,-0.39889274478959724,1.139966847994098,1.9924556323151157
ISG15,0.6321064771478005,3.074822644324189,2.9177541128580335,2.1973848956514646,2.7227615279511483,6.740364207703355
KPNA1,0.42658836747663803,0.5284326365090656,1.0311809347147214,0.9032819521398306,1.6182801764987613,1.194808140089766
KPNB1,0.9323518750755057,0.7367348659763876,0.673838472340097,0.5811088329562563,1.4221369641446622,0.7787827639691517
MAVS,0.7863599903419456,0.5455367401840914,1.1067505230923083,0.31796966503822666,1.5642895765825922,0.29932820910796015
MX1,0.26383482113862017,2.407008120738768,1.5695612183498115,1.093191231961501,1.8067733514404898,5.525832760591011
MX2,2.649118453584537,3.995098137672624,1.2937574705605372,0.9254487439713323,4.032191155225031,5.310947351471746
NFKB1,0.7752986924832407,2.8635862385411075,1.45065597503793,1.098513036422629,0.8455234013889374,1.1194028199234511
NFKB2,1.1309668329768094,0.673832337022117,0.8007701403179197,0.303958459053763,0.9137397182803422,0.6331331194286095
NOD2,0.7776075783448825,inf,-0.8702166386078878,inf,inf,inf
RIPK2,0.5470555368565901,0.6432737393538908,1.7798848184137084,1.00705186519635,3.2831024505734625,1.2701974686470014
NOS1,0,0,inf,1.5987948933128442,inf,1.2211575764656228
NOS2,-2.912074867352076,0.24977068530796626,-2.927276951139274,3.2846086970266577,0.458556593709651,3.729557144452731
NOS3,inf,inf,inf,0.013377388244267914,inf,-1.3095070876153643
OAS1,-0.1403630511765082,0.9583918240614981,2.334870380103572,1.1076992835351442,3.037140775926855,2.272428008285774
OASL,2.1717557478519094,3.4482503747019217,1.9520361449856993,-0.3213270208743656,2.859754791287401,3.3737773274400555
PIAS1,-0.21582232530925394,0.13316075117080828,-0.18150965298322322,-0.26901734403526434,-0.013998484265422934,-0.4229029842346035
S100A10,1.0567375250334976,0.8841403911483335,1.7434351108517545,0.7888626757231774,2.306878824910929,0.9200055696153319
S100A11,0.8998832343803506,0.24596078411322073,1.368402756684058,0.6098000353516033,2.491137083383903,0.8415183910574644
SOCS3,0.3633453786912428,inf,3.185347267199638,2.19007390352832,4.7303927731329045,1.131125212217569
STAT1,0.5353342875853792,1.26554790825757,1.195661355179491,0.8984696327644198,2.1381786830166347,2.1224495338149088
STAT2,1.0716038683342095,0.7198354074586988,2.0838144810222747,2.147546689937551,1.952664612119776,2.0873330503084357
TRAF3,-0.06237844750888339,0.35921857460307965,1.8111073610687385,1.2974583727842408,1.778133494330811,1.316951705660896
TRAF6,0.4000980842721972,1.1378364918134902,-0.006740091359158327,-0.10200213764798818,1.285421522012048,-0.5094084861633259
TRIM16,1.929003592701713,1.265817586394852,3.3051638534598213,2.2610099149704403,4.862429516823431,2.1389604297118994
TRIM16L,-1.2222428079965193,1.5469519543207009,1.4020081881699644,-0.1869552401086478,0.617916475441334,0.4354066872210333
TRIM17,,,,,,
TRIM2,0.39424095481068916,0.01793308138466848,0.34073568452739006,0.1380433683804446,0.6163304801900833,0.1977761703591577
TRIM21,0.5663913245939598,1.113229849195142,0.8297010915716099,0.5710737808932969,1.2866348413991162,1.4237425500001117
TRIM22,0.898782512615295,0.45851233742400843,0.3717850268676922,1.2810286763735834,1.5738100964925512,2.7567176176452945
TRIM23,0.3825339419203588,0.39425619576412163,0.6006090795425588,-0.08948813185280813,1.6457461680415613,0.47442975587566166
TRIM24,0.3431298853899541,-0.3101584143701221,0.43601410648085165,0.331442021424721,1.12351896648391,0.5612918185561758
TRIM25,1.0399978541544965,0.5677859428100532,1.550866888677168,0.1766949662393586,1.313864182588774,1.0190103461959676
TRIM26,-0.12859362647082495,1.2587354941664024,0.7871670152815853,1.1122596171474568,0.2907435449869123,1.0230113939445993
TRIM28,0.9997403128363487,0.6883770137831023,0.6798744851207866,0.778084608121995,1.2815328564280257,1.0010558128022364
TRIM29,2.410655438599508,2.0349786097722147,0.9741969363067409,-0.740029940431206,0.5841709073253409,-0.16381106686723756
USP18,1.9601272517848811,1.8248653728837605,3.2088420490694305,1.4268024104604655,3.8227438823504376,3.5090056599853634
BCL2L11,-0.569548669044282,-0.015915564724744678,0.2443711586603923,0.49017524401226886,2.6564988319076606,0.9380394087305132
BID,0.5112116381057599,0.5176918030416515,1.1331177185896848,0.7125351632038184,1.2520211281451443,1.0280475325053196
CASP1,-0.43256692542650305,1.6234072787302565,inf,1.2957068184324898,2.837545002266142,inf
CASP3,0.2188650787364968,0.6650614851804525,0.7070253227693167,0.7491316908455125,1.1514296905738812,1.0068102423054424
CASP4,0.0410098995090175,1.015869198377949,1.3112814365102976,0.1773053957257285,2.423746919965373,0.11024013715426458
CASP7,-0.00978338749035964,0.42685421511715593,1.3035355426978514,0.8150562739508665,2.5850844729800633,0.8853103312021703
FAS,0.5056415904798397,1.3477986794108892,2.0287254669176367,1.2930335574473486,2.3362340959396897,1.4346471418638835
GADD45B,1.62157494038501,0.4506364076575214,3.1255913771530572,0.8308736885259483,4.251500497344977,1.6585939020716722
ARL6IP1,0.1124886275186531,0.5767980544436421,0.9950461873768033,0.7192738054412262,1.654514005685841,0.7760735004801129
CFLAR,0.3502780764269467,0.8746553988211412,0.1388217174929101,-0.10087253019207323,0.7943040480557374,0.1528097929830331
ACER3,0.8136342906328099,1.1645781514023528,1.9383597276359226,0.8246063784429704,2.2405057139665248,1.3259686954629524
CASP10,-0.30714245444311783,0.06645267882095979,0.3737999890002624,0.18855516357939742,-0.007252683208615046,-0.10504647094087059
CASP8,0.35967762775853923,0.43257140967462815,0.9841699982760433,0.5620586257850345,0.5212054741802777,1.077512250050412
APLP2,-0.09454320412025291,0.7219249591962383,0.13973201076183348,0.46132770194987993,0.5682391994876355,0.2513930075301491
CALM1,-0.12483630083540416,0.6343169022660125,1.2417950703996112,0.8584384105434685,1.7607890909955457,0.9482221086020913
CFB,-0.920149139962438,0.7678228802185301,-1.0608362603996968,-0.8743358701310141,0.845666322702804,0.5403550292306254
DDX5,0.06121339892265791,0.5323410209143417,1.4576853246372756,0.8378208355190477,2.398883215857491,1.0645773334547435
EDN1,0.14572384954993392,0.5297585769766098,3.087611616622917,1.416440453664839,4.19601460029307,2.0236547127309303
ENO1,0.37755625332298504,0.317764173938856,0.23567643054057988,0.5757068149359763,0.3158155118405756,0.44433489008053295
F2,inf,inf,inf,0,0,0
FLNB,0.2894852621383224,0.7148424100648895,0.44492955936631673,-0.1763953949877455,0.19963358012365862,-0.2741004175917098
FN1,2.023103517609016,inf,inf,inf,inf,inf
GJA1,inf,3.18423225263665,-0.28525413838962105,inf,inf,inf
ITGAM,0.681948276007354,inf,0,0,0,inf
LDHA,-0.4186818123022446,-0.8510265589422807,-0.3989937525856884,-0.2892801532245729,0.6546757039125811,-0.25176914974833475
NLRP6,inf,-0.13769584222499737,0,0,0,0
PLAT,1.3249690923606827,1.8951918482907384,1.217129122859423,1.090589365663529,3.1517056545914284,0.09837835390702075
PLAU,0.6865573760800332,0.6374810096014187,0.5212335659812352,-0.06367528918067542,1.3004078286742429,0.6695124673917597
PLG,0,0,0,0,inf,0
PRSS1,1.3058179769300695,1.764830679240585,2.192366841411289,-0.44693371872500737,1.3209503424177798,0.9045674335723074
SERPINA1,-1.3961753930614966,0.5999409026161598,-1.557331920758718,-1.452045409406962,-0.8771348293809295,-1.0407734513936386
SERPINA5,,,,,,
SERPINB2,2.8315330587919445,-0.13010511670247193,3.8910776800320477,2.601679485261644,5.6907837627058555,1.020369563156489
SERPINB8,1.0432661497847782,0.6059758885779254,2.4628029484508653,1.4637451185646722,3.809617743566594,1.7602788851041813
SERPIND1,-0.078393855173929,inf,0.8438413069623217,inf,inf,inf
SERPINE1,0.9081747036322451,-1.502227283812119,-0.5191570749642522,-2.0327866595818844,2.5338825748611797,0.29795070399538276
SERPINE2,0.4981340147295622,-1.737962153858024,-0.2596755197966454,-0.5067699629661346,0.2408793444762383,-0.5332353773181419
SERPINF2,1.0474678214277793,-1.4242906090108864,-1.1082818608983263,1.7903859924251893,-0.6038182418570303,1.4277513225011398
SERPING1,inf,inf,0,0,0,0
SIK2,1.3063759640517294,1.9477965264203891,0.5958840991621598,-0.25288904823961794,0.8378196883499249,-0.4689453120739322
SOD1,0.5962546195723445,0.8414268822440776,0.8167081180003793,0.6601049056712114,2.0043229261831064,0.9645913964345102
SOD2,-0.23323868282067067,0.38917420296875493,0.8674977785993788,0.7040963301705646,1.8428906020428912,0.9037443754291564
SOD3,0.823233498466989,1.3761638198095532,-0.35778723038376303,0.33935889748954473,-0.7553194198439491,-0.046911245388724314
SRC,1.3810172747114373,1.7135475183075144,1.0705269452743134,0.27349557585794604,-0.46812857043098427,0.3603104205386746
VEGFA,-1.2518227481115065,-0.5292421906871186,-1.7515408536147121,-1.8841808410705185,-0.6958101996883302,-1.4639340199283954
VEGFB,0.41743079227627894,0.808086000558688,-0.6688685450006887,-0.4790947389742385,-0.2750419695772829,-0.18064247575025832
VEGFC,0,inf,inf,0,0,0
RUNX1,0.20492054613990612,0.16963833408211118,0.1590839545501379,0.8513604598981696,0.7193517088678812,1.0367146003081016
SLC22A4,-2.8368348483903665,0.30003519172678195,-2.0802017446498886,inf,inf,-3.220278097890902
SLC2A1,-0.09377179890015037,-0.14107070987034545,-0.9141879495754084,-0.9385157047042528,-0.30688140468670705,-1.0287613558901862
SLC2A4,2.164526551055551,inf,-3.644619645917166,-1.0657711468070798,-3.843748664632745,-1.133742360437262
SLC4A2,0.7866499202223315,0.04154460052413785,1.1036653518396153,0.9952264828242632,1.2394665965107674,1.0686295014155311
SLC6A14,0.22699985000705955,-0.014211466551521374,1.440603618784683,1.1274645756168522,1.632521095724079,0.7844102133148669
MAPK12,inf,inf,0,inf,0,0
PCSK9,0.8462708478137293,-0.7250343834712991,0.16581352766283222,-0.030169704559118434,1.3802568332083036,0.30371009361046714
SLC4A11,0.7432556001641885,1.8483103685484479,1.3389037773183126,1.2943647215812972,-0.45421820923561695,1.388121136241903
ESRRA,1.2984343411077222,1.3646303119324186,1.3924999910496514,0.5186016317104073,0.5890692680880969,0.4606255421509523
EEF1A1,0.6684558340329945,0.5675203892756677,0.617828380427714,0.2575889271641007,0.9809737635015187,0.2771295717034179
BDKRB1,0.734895378601167,0.9455256169207982,1.4151006457237865,-0.29437525075579196,0.5040146561305022,0.12110305364511127
BDKRB2,0.8784044038630449,1.5285589791256995,1.893329079475269,1.0888663694595444,2.1840396040554833,1.4939000187022975
BATF2,1.747751661733651,2.0773129224338738,2.9542642852955905,0.7664996989362806,2.7658278791024142,2.0004844288627184
ZFP36L1,0.3120399615847297,0.3337233268154777,-0.006590100443480303,-0.15082667153978735,0.5556193999936354,0.24012565306290526
MAPK13,0.3210490010642822,0.33248852014775093,0.9029430180504469,0.5681242329978519,1.819800791725653,0.7623834920532524
S100A14,1.246517678742596,0.49362400358981784,1.243582641738918,-0.6963781925612295,1.8417916480625538,-0.32620820016731755
FGF2,0.24526756478396947,2.014462317843726,3.9679064220110325,inf,4.53614256182068,1.0203691724886672
CTSB,0.5522195108706914,0.8666507881772756,0.5304028432067545,0.3827469545076426,1.0735945121582358,0.4478069538269218
COL5A1,0,inf,inf,inf,inf,0
COL5A2,0,0,0.4020080332349343,2.541575617503275,1.202879079196627,1.9128853337087253
MAPK3,0.1575836857508773,0.9928963238551078,0.5729691165339779,0.1734746306543182,1.172859493717408,-0.27196686168037343
NLRP12,0,inf,inf,0.7107443181686444,2.1005794079710745,2.354873210970313
NLRP3,inf,0,inf,inf,inf,-0.6314351820889564
KNG1,,,,,,
SOCS1,3.2356402408239036,4.678156543281806,3.2965485333490716,0.8242716279066142,2.57451053402818,2.881318588120941
COL4A1,2.0331655162928093,0.8968844791198263,0.7648411604384424,-0.9638856006381656,2.6009600138098907,0.8089178339442967
COL4A2,0.6382605958981132,1.2742215423097158,0.3198711500097014,0.4528371029875514,1.6988020345552028,0.7025443585451663
SERPINB9,0.7027018037642984,-0.11892205687328644,0.9547256022936659,-0.572009312291453,2.125759775843366,0.2168113509339537
C3,-1.1670251640537548,-0.5270582025651555,inf,-2.7128672823666253,inf,-1.7839777139675417
CSF1,1.5573485047818814,-0.9632422361881531,-1.7002916375440351,0.5893979690021204,1.603079748613469,1.824091034002046
CSF1R,,,,,,
CSF2,1.7592009934575976,0.3430273643208578,inf,0.39800648842126707,4.672619268109276,inf
CSF2RA,,,,,,
CSF2RB,,,,,,
GATA3,inf,-1.6900465532487032,inf,inf,inf,inf
IL17A,,,,,,
IL18,0.87147822744315,0.5961987892016959,2.5369051494842125,1.0889434909288878,3.173988145428405,1.554315182482447
IL18BP,inf,-1.941481780926402,-0.3433653436950899,-0.36907412271387907,-0.7971209212426726,-0.7897623868803676
IL18R1,0.2663487928918553,1.42497627672229,3.7887778808917902,3.3599395844191373,3.322971829215479,1.418268240227973
IL1B,-2.8306750593433025,-3.6464428066069474,0.04816717509742917,-0.4807254628794286,4.187750143154506,1.4378664622365267
IL1RN,0.4618521890502624,0.5217280741576115,2.876308698659477,1.492631610803031,2.691251417615158,1.7624201325086886
IL32,0.07113604275473935,0.7595135547177003,0.5419102634115359,0.33143253854163673,1.3207730727970397,0.5924001113305811
IL6,,,,,,
IL6R,-2.087380749101,-0.028679378990897245,-2.0316519175196324,-2.0043625791230797,0.12536031190124503,-2.4219531421918497
IL7,0,inf,0,inf,inf,inf
ITGB2,1.9586400002433713,inf,2.0269081920887264,0.5422777190601935,0.6728570274336442,0.9328181543946128
STAT6,-0.17121318510383182,0.1315243735628533,1.2016351714727875,0.42786748322241513,1.0270535257250113,0.5166259346430495
TGFB1,0.43342760491088494,0.02109937672402333,-4.452631920738439,-1.9433272582052379,-2.651761132745912,-1.4606452980713964
TGFB2,2.023103495824712,1.014307369120394,inf,inf,inf,inf
TGFBI,1.0797775121531374,0.7213132740779498,-0.17945474894574942,0.43498779140881455,-0.05340566042304949,0.7529091609203388
TGFBR1,1.2444573036723847,0.5951291315680087,0.5083413953511159,0.6697264122655548,1.5896209872533695,0.9728383798790364
TGFBR2,0.813109479870139,0.6848365900293855,0.7443859043036941,0.627103022432742,1.6574475445515964,0.7039376161601629
TNF,1.3470632288496718,1.3556545727324074,inf,inf,inf,inf
TNFAIP1,1.6107773703645771,-0.06567226910716131,2.0438825009691275,0.9052070824970877,1.1330254560826174,0.7548292869820495
TNFAIP2,0.46507539119763136,0.6264126404293037,0.9834268792359182,0.4333650708712237,1.3440975754883222,0.8485929451827764
TNFAIP3,-0.024078858809992346,0.2864962991930143,1.047903448644282,0.094233845323886,2.3928614688115695,1.191115218460855
TNFRSF10B,0.407971471894076,0.3646443648700466,0.44123415471545074,-0.30751932410521804,0.7959387120245103,0.509016277403606
TNFRSF10C,-1.0688368561365815,0.16733873839527702,1.3018226051584334,-0.48869268732223303,-0.2830212841690531,-0.2797227600243885
TNFRSF10D,0.5885720822192526,-0.7006358937651875,-0.2768696979217417,-0.6875088203666939,0.8174382845437931,0.06859835319061915
TNFSF10,-0.23484893636035659,0.9163139499759968,-0.9059261123086563,-0.35346198777817145,0.6625644078447018,1.2250323794048983
TNFSF14,0.41503729106888904,2.8420875110581836,inf,1.398006574646269,1.7878417990367905,2.2000086347459753
TNS4,0.6887801251450273,-0.4196775887406768,-0.035545105122374014,0.644114025810227,0.23524287428737442,0.8469568096189193
SERPINB1,0.4749085540086855,0.29496646580488944,1.364222269610535,0.2645721737240129,2.2480320192880097,0.5672144506562748
MSN,1.4150374988242411,2.5992697509639635,-2.982166062231603,0.5086540815053089,-2.1812950187481395,0.23570480907758298
TRIM27,0.3839463095786303,0.185259035584409,0.946708084886106,0.7146689960175207,1.714758641155669,1.0002495417556323
BST1,-0.46789911884292884,2.5040041031613125,-0.39311459730331894,-3.3971161428728713,-0.5922435525807415,-2.6895922194416104
ENOSF1,0.2795778050321123,0.7633864002629636,1.0535889581128164,1.0309280841676716,1.5432409732950314,1.111299811026079
ARHGEF26,1.0799543603944597,-0.06459189490921022,1.2187237547457124,1.1927359968213884,2.4320126093420504,0.4604915289079422
CDH3,-0.4503540325434392,0.012015183691780102,-0.10585458072188599,-0.1475418986020032,0.46659234956445517,0.03779954641094424
CD44,0.04306282860523198,0.07236471154457236,0.2559519023621696,0.4798737068507305,0.6755865107705259,0.7552783696249625
ITGA3,-0.13545491498771509,0.8466190533703325,0.8227246167305012,0.7724580371715143,0.7153600332549725,0.46190246104905985
ITGAL,inf,0,inf,inf,inf,inf
RHOG,0.13088311450282025,0.5598669351909686,0.9811085099614995,0.6183207828590644,0.43503103840638724,0.5298949606833177
DNM1L,0.8176725355631711,0.5867372308181115,1.1772072961785212,0.5206775973649714,1.682538468657528,0.9375811473810839
RIPK1,0.3868170011059406,0.7547288085134671,1.5965162569154436,0.6991047061815242,1.2961137163381193,1.2388106198636009
IKBKG,0.5109456846293,0.8250365870408914,0.8140109946329785,0.28149120250270265,0.6301387066855741,0.17086168418891665
PNRC1,-0.2758750162309679,-0.05015700552537298,-0.5012315750316053,-0.8809467763921376,-0.48587686314083267,-0.7003859598519844
HLA-DQA2,inf,inf,0,0,0,0
HHLA2,-1.1312474382084838,0.2763794924076513,-0.6828026503436821,-0.8131450037037261,0.12201330649003365,-1.0800622696550886
HLA-A,0.05584384832409266,0.6784702066566464,-0.37789373678814697,-0.4554464068565429,-0.12253767372011184,-0.11768712232708509
HLA-B,0.7764825031002726,1.5600621789617557,-0.21950408372125538,-0.7405687430676006,0.46172292461356057,0.49603907921086615
HLA-DOB,0,0,0,0,inf,0
HLA-DRB1,0.8893007667537369,2.916061637623587,-2.2852541372573443,0.923807331226803,-1.4843830937738816,-1.666892999515382
HLA-E,0.1760808574469767,0.9601646543424106,-0.006380719934082335,-0.4612594976276012,0.7859123930782663,0.14827530445989368
HLA-F,0.5882295929789962,1.5610245456925491,0.09765972513358373,-0.7028713414400396,0.6182707011736112,0.5862136253869271
HLA-F-AS1,-0.6899303016573732,-2.5115087068204907,-3.699217139938227,-1.5668670424961282,1.0191269606353344,-4.732660356863852
HLA-G,-1.103586158276049,-2.1254304788454292,-3.398894768942926,-3.43954769097652,-3.2295540016186353,-4.269964269106172
HLA-H,0.014990307055954692,1.376008163441154,-0.8324263378026744,0.8312506279404523,-1.1690588164713773,0.022056905809046536
HLA-J,-1.2857087934412665,-0.5028694786025857,-0.9751252629336065,-1.480700510479654,-3.382372224329682,-0.38632181018368467
HLA-L,0,0,inf,0,0,0
IFI30,0.2360578310949174,0.732029516324701,0.28653132009034127,0.34345745087332064,1.4266634405948457,0.5604137955460321
FGFR1,1.555858354563826,2.7446464413112928,0.14857321576420232,0.20872242727176074,-0.18661679686266744,0.7021791602999286
FGFR2,-0.04181866355032175,-0.3037315968900678,-0.9217450238014128,-0.2434461217183015,0.3006084989532611,-0.22642662251478957
FOS,-0.045830886849677274,0.18485673622237944,1.4749439603140444,-0.5497743887202559,2.0844818002034087,-0.37495777248135753
ICAM1,0.7510652994761866,1.7703326064017104,-2.5671285635113135,-1.5880178018017375,-0.31970783291748606,-0.6094001702098679
JUN,0.9094558804362937,0.1273442971497658,1.4457883020211768,0.22294609722491326,3.5219195700387096,0.9543960690205138
JUNB,1.053907407470902,0.5884606292488295,1.5256165382232776,-0.6793764044952106,2.5178867207430695,-0.04546152583721272
JUND,-0.0950080988244388,0.5931624018096202,0.7362102122326578,0.45217158562656207,1.1146149466383872,0.672588189407498
MAP3K8,-0.6755834662662725,0.7086590455724185,0.10285529242335216,0.023069092453522854,2.2396647475417075,-0.31863104322266467
CCL2,0.0465584337406328,0.7548974488337122,-0.127862776964228,-1.644701860848649,0.6730082678709965,0.052832952794043445
CCL20,-0.8469594805986665,-0.03161246748908353,1.5571872619520901,-0.40274629463789297,2.4757963953460544,0.39738458283822403
CX3CL1,0.06567241845672019,1.9886958291492394,0.03209984185066551,-1.2291610253760408,1.5863410937184583,-0.18553167513912203
CXCL1,0.8098697472704173,-0.10857300348817614,2.182778722064799,1.1332284603350953,2.229960612281141,1.4452784137989347
CXCL10,2.084198025426834,2.664955458649064,0,0,0,inf
CXCL11,2.2384645224666926,2.530101546330984,0.25910830841765914,inf,-0.34078373019220376,5.150944122104589
CXCL2,0.6526458543632105,0.49727857054965036,2.6031438264733247,1.554271541069763,4.142980078705424,2.9277349772618435
CXCL3,1.145921537950399,0.45453725918092175,2.51104720692254,1.0668192915532064,4.1628907414468115,2.067050003080163
CXCL5,0.3141308668679295,-0.03957588564087553,1.2967748751009867,0.5499520164964341,1.9460682467807027,1.0579839428849394
CXCL6,0.592436796488181,1.413546519181747,1.2414171979160982,-1.2316523609506473,2.169082995017269,0.6649898669363291
SERPINF1,1.4962691456235127,2.6710742558926506,-0.23856584267300948,0.1755851618623478,0.7547483578590429,0.3579913555888298
COL1A1,2.6090088995384892,-1.8081244741601583,-0.6554721817155555,-1.398369110947439,1.7445531163676902,-0.42342461292614236
ACE,-2.645008244656509,1.6151865962367387,-0.6448343624653651,0.615436847007803,-0.22158604714185043,-0.3298449632106382
AGT,inf,0.49741851829924455,inf,2.6540488288293145,7.018805391673997,inf
REN,0.5881073345892963,-0.47594705537087384,-2.7074646589597906,-2.592190701358477,-4.124782925271732,-3.544102440877479
IGF1R,0.5146463049371556,0.10789063753785601,-0.8505935049575271,-0.5718934055684135,-0.5236444733280935,-0.22526489319210918
ATP6AP2,-0.27950510966716374,0.5731891078005793,0.7408746888765775,0.6070584842830999,1.3047775324949396,0.6887861946301451
IGF1,inf,1.8369405421969365,0,0,0,0
VDR,0.19776752015710977,0.24553966850962777,0.6921742632692439,0.401764456125175,1.0646205017773465,0.5129010919651323
IFNGR1,-0.26708664320056463,0.8726884124248928,1.6374375803242471,0.6282387221995542,1.607053824837609,0.8627703624060673
IFNGR2,-0.794796456777079,0.22746409269396972,-1.08692018349541,-0.18249362624147297,-0.17329702437493527,-0.6242554250494253
ACE2,-3.424547684893739,0.8961812083654723,3.2218140225285654,3.8315831344559657,2.2014796403975536,3.421175379889484
ADAM17,0.7792630609453931,0.10272034387577325,0.3862945249261445,-0.05659439019053716,-0.2767152625192971,0.8683202241983282
ADAMTSL5,-0.08088176384510576,0.7666922524311189,1.2366261276974606,0.351061809354132,1.828055718568112,0.5968981549929392
AGTR1,0,0,0,inf,0,0
AGTR2,0,0,0,0,inf,0
CAV1,1.6973956044073133,0.2785471604621971,1.6976720298180688,0.2656745450287607,3.7240942847134964,-0.04210439879795876
CAV2,0.17688159293926323,-0.19572267150653447,2.0297727765323326,1.179656552136052,2.7837541326970783,0.5996264918138393
CD14,3.111198785729066,inf,0.872719459014567,-0.15960050504783924,1.07163270074797,0.3276539376068719
CD209,0,0,inf,inf,0,0
CLEC4E,-0.4810642022907936,0.44013364413446154,-1.155869320821988,inf,-2.005952138852764,-2.5183383059456568
EGFR,0.7304666856053257,0.16797688599389649,0.6664340425118382,0.054440980959005444,2.0957369749812,0.5306593921148376
HNRNPC,0.3627710426195943,0.8197344235988926,0.5870419729082533,0.44559478666155516,1.303071715360763,0.6598856541994446
IRAK2,0.18042632022585933,0.14596837019095427,3.5323841409300534,1.8875288507906667,3.985299736273025,2.043074673607768
MAPK11,inf,0,0,inf,0,0
MRC1,inf,inf,0,inf,0,0
MYD88,0.5952583352704408,0.3165595189033793,1.903915916821489,0.6299037417351571,2.5184850312751483,1.1330805588989514
SMAD3,-0.130948417580244,0.202127531455289,1.7061010833689687,0.4364146952115767,1.581319224225285,0.4399990577393472
SMAD4,0.8175642518109602,0.42044661510287695,0.5065844401476408,0.4092468299542952,1.034807688468602,0.5431213919758086
TIMP2,-0.9015644739815001,-0.4813261315829097,1.2847728294241434,-0.03201231362053637,1.5094173770101393,-0.49072819017172686
TIMP3,-0.5660099574001601,-0.05622080128152384,-0.07653175024289915,0.22439459051554997,0.7321003804749509,0.3722485441913506
TIMP4,0.11911124752344655,2.09721420644261,0.8171741069734868,0.7704607751925585,2.6801338872616918,1.2024177466121655
TLR1,1.0102000692071778,0.8522877884753163,0,0,0,inf
TLR10,inf,inf,0,0,0,0
TLR2,inf,1.5214871404727064,inf,inf,inf,inf
TLR3,1.4425167479131988,0.9098695328856722,-1.0834187995154854,0.2584608007868025,inf,-1.11686216453088
TLR4,1.414319400597085,1.3297061702554476,inf,inf,inf,1.278994036318933
TLR5,inf,inf,-0.07099928743507676,0.24341480273374616,1.131290744017267,0.5282316656474341
TLR6,-0.1089651293141132,1.4347909780588877,-0.2671973775172072,0.282056555647188,0.9661716042227412,-0.9471035647818873
TLR7,inf,0,inf,inf,inf,-0.36380484702605187
TLR8,,,,,,
TLR8-AS1,0.1926452775309367,0.3768775391270005,-1.4934691090092516,-0.9125079931563416,inf,-1.2611961879409292
TLR9,0,0,inf,0,0,inf
TMPRSS2,-0.5376302460605237,0.3873032813859633,0.5189763311618687,-0.006093578493613917,1.4292112465342564,0.2238395394855773
TMPRSS7,0,0,inf,-0.5158760907300789,inf,0.3331070379918154
MAPK1,0.37983436543491467,0.6800800564512474,1.3178317386439813,0.7725627248896639,2.3060413964932374,0.9786241671687124
S100A6,0.5420043223571109,0.4604207114646788,0.9207825998942762,0.3884535061347218,1.8667227964154978,0.48287623693171355
APP,0.4003120206317559,0.4970459998830892,-0.13063006575642683,-0.5298375878200017,-0.15565658898468324,-0.35361121024604797
JAK1,0.6039813383351704,0.5545710481199672,0.3881151971591546,0.11229396340812266,1.0281560623665713,0.10701170673809281
MAPK1IP1L,0.41450046921472944,0.37069714579800245,1.42002566170301,0.8067262343323691,1.5031513412508284,1.0316344344704833
NFKBIA,1.2837950581419544,0.4203353013520675,1.0524276809130935,-0.33001230866345754,1.0420366779929573,0.5497541516803854
PIK3AP1,0.76388742561931,-0.08216801453511853,1.4940315943210594,1.117351280188086,2.075496882218454,1.6203520309622756
RIOK2,0.7565873383848923,1.3800107483391189,1.2978774365537733,0.6997969127902346,2.277090448981582,1.5119278188648968
RPL11,0.7894714140678922,0.5299690756079317,0.8035837807607451,0.3536348309105922,1.524648636649625,0.5457679036605746
RPL26,0.4737868558597236,0.2901449802681127,0.6677918308552182,0.22374263038556377,2.2551565808886314,0.468908332166478
SOCS2,-3.476672563585303,0.006383422225551623,0.7236124334180678,1.359131391365532,0.19368874781102707,0.3848044851641484
SOCS2-AS1,0,0,0,inf,0,inf
SOCS4,0.21851380088925543,-0.19916135575500765,1.5289051040026533,1.0265355310804831,2.482533289369566,1.046254765977609
SOCS5,0.1757301827668508,0.28103756648567557,1.5158922500905614,0.9513336126946746,2.0505625163507206,0.9088138545111519
SOCS6,0.5319993533305278,0.09277326807662971,1.211996157327089,0.17182101441750394,2.0358710529554296,0.3624556533668595
SOCS7,0.9994248970560327,1.1685626870210961,0.23627566839328482,0.42501821944281243,0.47044985251509314,0.6154347111801806
STAT3,0.8680229382888741,1.3064886028750193,1.007625275917673,0.2985135723547089,0.8125799190958443,1.277471668130949
STAT4,,,,,,
STAT5A,2.194436412630852,0.7748630049465008,inf,inf,inf,inf
STAT5B,0.16048468668365776,0.8053405126812312,1.1979304199246026,0.7438520849767958,-0.05726148925773131,0.8429655475873268
TRAF2,0.9362705461753389,1.1792329597118745,1.535123006140832,0.5762406219379801,0.3611759323640598,0.877209154684477
ZNFX1,0.3753720912665027,1.3740656723132518,1.7052225845131102,0.698262318557287,0.9730215836755826,1.766340102437848
NOTCH2,0.300552710931042,0.7487490708639303,-0.0034326802873214024,-0.4338185080349372,0.33864676788240405,-0.0783954481686969
NT5DC1,0.4243344988874626,0.4346859596404764,0.13704868997056882,0.3774427318620614,1.4576035538120726,0.5955723992311847
SLC4A1AP,0.69543347884742,1.1746131969049174,0.7857365532280385,0.1981446222908127,0.9406497870493777,0.24537319626615897
KPNA2,-0.13636367446522063,-0.43904613289555156,1.3351767777294152,1.4399332632342712,1.2506272268731495,1.8693991604097877
KPNA3,0.7553760017699434,0.5259857964384071,1.220467175493045,1.030166181846291,2.0986579528491798,1.1234517828133812
KPNA4,-0.2754553757416338,0.9264591513146301,0.743257649930339,0.29795352275813886,1.5979918994227835,0.5628380984564169
KPNA5,inf,2.236854738745492,0.4089094042193032,-1.7404133568431814,-3.708920277359125,-1.2632587781519984
KPNA6,0.5759281887103105,1.2263501605713785,0.451386604930293,0.3841995621587438,-0.35282709181309213,0.1191749916192579
TRIM3,-0.09422788304490586,0.525651034875316,0.6809521647509671,-0.2570819114430552,1.5968090954510703,0.4311472494423664
SLC2A10,0.17981436122392344,0.5187801075484991,1.2770205418084364,1.5686931894558231,3.2509922096890387,2.567487821252024
HLA-C,0.16865859623683327,0.6083558245522835,0.3787147094717354,-0.03882065847700066,0.9205249404789131,0.5566950491762976
CXCL12,,,,,,
IGF2,,,,,,
IGF2R,0.03717894493917236,0.19148907492155806,0.0991264436118228,0.20528834154817838,0.5603095687959558,0.31456280413555693
TMPRSS4,0.19850618265558387,0.6231833708257557,0.8251347348724198,0.19258874722434546,1.9907036110723293,0.3390876235166558
CRP,,,,,,
HIF1A,-1.2905504567122492,0.0997490338953066,-0.8628082370405187,0.1881093966931426,-0.04616408754412855,0.0030388798190827343
LGALS3,0.8210430744927859,0.7529930072354489,1.9264627566530674,0.3559799248661191,2.217526969624132,0.5241895735880873
TNFRSF1A,0.04615636185252376,0.653964437904826,1.1301047087662361,0.0777148847984052,1.1479712981981933,0.10072351273766131
TNFRSF1B,-0.15985279140203465,0.6528576142242642,-0.19693723867124957,-0.7936499970078623,-0.9193702920527695,0.1869047008548562
GAPDH,0.0,0.0,0.0,0.0,0.0,0.0
AGER,0.023103517846898455,3.8242068371514857,1.2103725666247946,-0.2230104505166961,inf,-0.3462030124084506
RELA,0.29121622464603597,0.691197974980016,0.6922207143287052,0.5011376072834729,0.09201250622499585,0.6171592469244911
HMGB1,0.4682700475165445,0.5458482295657062,0.5058363538574138,0.7667313197569466,0.9596979815549057,0.9206318266876246
ESR1,,,,,,
ESR2,0,0,inf,inf,0,inf
RAN,0.5498035968377403,0.3663488296271816,1.0215041710105843,1.033166480521013,1.6577428071860918,1.2120117221310711
NLRX1,-0.32535010700027256,1.2076786373055617,1.3931282520539456,0.6119078428694803,-0.25021729156096867,0.18818463990887233
P2RY6,,,,,,
PTPN11,0.6265243253585524,-0.11693632360191046,0.9369363761476739,0.6121746356426443,1.8571667836621417,0.7693151279945665
GSK3B,0.5062259708999495,1.4181701437413905,0.7686876030954753,0.33061110014094136,1.476996568386867,0.335921289758206
