,"fold-change edad [0,12] - SC2","fold-change edad [13,19] - SC2","fold-change edad [20,99] - SC2",fold-change mujeres - SC2,fold-change hombres - SC2,"fold-change mujeres en edad [0,12] - SC2","fold-change mujeres en edad [13,19] - SC2","fold-change mujeres en edad [20,99] - SC2","fold-change hombres en edad [0,12] - SC2","fold-change hombres en edad [13,19] - SC2","fold-change hombres en edad [20,99] - SC2"
DUOX1,-0.2134822248989797,-0.9327264023669486,0.15758011993164941,-0.0485921761001647,-0.22259256907572514,0.38078696344975554,-1.2961914979566487,0.11763632586525119,-0.8267900640106568,-0.6996472076560482,0.2036495434797389
ADAR,0.4047018785355688,1.5415985868314133,0.8580735626697632,1.0369181574935744,0.5972181965063635,1.5374205965202585,1.8294267032523934,0.6668342244393825,-0.8577328737600529,1.4423198824510193,1.091483704003934
ANXA1,-2.822424156625539,-0.741587578137951,-0.26377242299855685,-0.5342586543671852,-1.9228289787454032,-1.0200932614635663,-0.4963222988950782,-0.3007011700462938,-3.958518195358712,-0.8540043904026209,-0.22035406459001083
ANXA2,-1.8727107919209993,-0.7280756692275506,-6.0645639206845345e-05,-0.20543049701311517,-1.172785352619173,-0.6092612027602574,-0.42339455155903466,0.007180374544329162,-2.863073548678299,-0.8745063280697764,-0.017454072780815552
BST2,2.0082056875393897,3.7207397169582346,2.903852138474937,2.99316332746312,2.4629986882006283,2.7649677368107266,4.243716133708621,2.9124893137911725,1.1357834273459597,3.440896053497037,2.9039752265269265
CREBBP,-0.5630000997433109,-0.24450821614792106,-0.18348566999259522,0.10475028288134619,-0.7361447837836697,0.7012605308154007,0.9623368854404268,-0.1925774811653615,-1.8328831781552763,-0.8135815406379997,-0.16858131039243618
DDX58,-0.12790169549097222,3.2656680614680385,2.474176655399837,2.6815172724947027,0.5391301355454121,3.315981586234388,3.8736987176142264,1.9297740380118826,-2.7669292776022525,2.9052464568588663,3.0483128897319043
DUOX2,0.9547389822263153,2.2375959795304854,0.6642990854503552,0.8039640412034769,0.7001382060599526,1.905190519393485,1.970176111514237,0.4095863165682592,-0.05226909480893034,2.5652358458994833,0.9396165974776645
EEF1G,0.001091360486818286,-0.8328569874738111,-0.29041015465397463,-0.2299682446935975,-0.01199580556202892,-0.2016629926300796,-0.3432231559191312,-0.3047113481366161,0.20614877797327977,-1.084745592580147,-0.2759700425326775
FADD,0.0791060877510081,-0.12582768211006068,0.28681984258869564,0.47935354265414576,-0.20076018613712746,0.9019893313276188,2.0361611116281337,0.18130477361616779,-0.8263433657905809,-2.0993801477236254,0.41938989938959603
GBP1,0.2569835029190385,2.3749672305238763,2.0954684389275022,2.137018687629124,0.9356327177456977,2.954362080634019,2.504692582570083,1.3878273253483,-2.49876970344429,2.647168562233011,2.7852859581024947
GBP2,-1.197006834526978,0.24639729369948518,0.3457636129843142,-0.3352534839182292,0.06079050919180455,0.3655536401935416,-0.29009676090550895,-0.6477519747144401,-2.6785401298050138,1.4782116505793017,1.257892956958061
GBP6,-0.6814542908928206,2.08783137016766,0.5796733795532814,0.7709440296354603,0.22075645968583552,0.20904255171739772,3.4075123671423144,0.4064379641997737,-1.544826388407995,1.029158973528768,0.8105671090470304
IFI35,1.8165951214614402,2.8040770376134705,2.076476130366397,2.485363717567865,1.821634241985544,2.5754982000986097,4.472741359939582,1.9688879376138642,0.8214397018578873,1.9627389918715974,2.203498297099705
IFI44,-0.24663328839579501,3.153297054544548,3.2298480197827186,3.0134328095537244,1.044593369542432,3.218046056654596,3.321609933953092,2.8326515594552863,-2.3031701719715607,3.1319594782742817,3.6388538119032905
IFI44L,-0.4147206942781779,3.991630185087724,3.885042051736405,3.406158316387011,0.8897342999091503,2.7252085654835696,4.199596635998357,3.702919296003911,-2.719475070133828,3.954512990321762,4.078800567734461
IFI6,2.3386157561819436,4.641353815179999,3.838262241374928,3.909987031690762,2.972318897231167,3.716154224521292,4.596264150483113,3.9076152113699556,1.0111647607865246,5.0088252643392,3.7438053411165106
IFIH1,0.16123211649160843,3.617778331320294,2.292430632950401,2.8147159900382004,0.5404364007581137,3.4539270050249318,4.239081082550787,1.8393704431342133,-2.6898894194382077,3.1891381788317785,2.7810339213860016
IFIT1,1.81621501671169,4.950624234002014,3.6568542689603296,4.0357049292040115,2.32559226931277,4.919662638046522,6.251136558327546,3.3694857122786304,-0.946578482918705,4.173419167906869,3.9809465076184156
IFIT2,2.6109797028758046,5.449536257794239,3.6227519038358786,4.1693486211214426,2.78187086712147,5.442246728889941,5.318921286971655,2.7689280442496376,-0.6585762910167009,6.052980798330328,4.388064891607024
IFIT3,1.7356990879671252,4.718933858097123,3.4306085963169144,3.5529772676203777,2.355690970148315,4.0731179516434235,4.78292515399986,2.7741319935466926,-0.8895082695783388,4.92096592665405,4.1475614495997775
IFIT5,-0.3293176187610035,2.404680891882962,2.1481800518493657,2.155278689307838,0.540685045433102,2.354279136809658,3.9605672693540406,1.7175505301106673,-2.091538103732962,1.4829029563107239,2.612487423758242
IFITM1,1.65704486761368,3.36424889741436,2.1009449662847612,1.8372433881746257,2.183676837322516,2.7481441875936374,3.129285134867115,1.5211280915119956,0.501170421482143,3.9529694790014576,2.844402783648261
IFITM10,-2.355153304578578,-1.268173331522239,-0.40469200150847745,-0.2532850322525309,-1.8497085033616543,1.5735788578721823,-2.853742865117356,-0.5400122216068756,-4.3962542975369985,0.039713237418958935,-0.24431793584210648
IFITM2,-1.7207966458624426,2.2951764558048726,-0.16015893007525253,-0.2937048645107172,-0.6441693805258607,0.7881308971144859,-0.7660530817931805,-0.916835881486513,-4.4689682623525,3.314017138600861,0.5341686993389548
IFITM3,1.7942749336896036,3.414272126185222,2.4515214362475835,2.1167679897646807,2.429225488037573,2.871833151274859,4.043056033930565,1.8624119270161104,0.5791174208485125,2.999687536667032,3.1537100939819176
IFITM5,-1.9089648254099338,3.1888147853881077,-0.2756672996657797,-1.6314490490951263,0.3385045581767635,-5.042352015572478,inf,-1.2605062241465188,inf,inf,0.6722181146146433
IFNA1,inf,inf,1.0347851493809648,3.8217716682912974,0.70466831847737,inf,inf,2.152786049667461,0,inf,-1.2020480896236931
IFNA2,inf,0,3.085571490299457,3.49847092505341,1.934159133989596,inf,0,3.612614689746238,inf,0,2.550545725453099
IFNAR1,-1.553999515839743,0.829830342856699,-0.07633005439904805,0.12106996424891786,-1.0872887815528933,0.5070290432974217,1.668068558028295,-0.2722157515428805,-3.325389992774145,0.35201558536246574,0.16262677023431624
IFNAR2,-2.2612691926359116,0.1783507120379496,-0.0081271875165991,-0.5709877503876017,-0.9361388833131009,-1.0340445686979405,1.137410406875578,-0.39128990518570184,-3.2042939261998256,-0.04523539264377115,0.4444742021002527
IFNB1,inf,3.0520264448677152,2.055907227299839,5.007636754333327,0.6738357991414609,inf,inf,3.204165101827912,inf,0.7114434248936629,0.5798929447963324
IFNL1,2.4360776185991586,inf,1.8510665849849823,2.4591028641365678,0.4985886848432914,2.8612141888466507,inf,2.3377173572040006,inf,0,0.9257681313095594
IFNL2,inf,inf,4.955369248495705,5.114454817530076,5.457206106280586,inf,inf,4.585184359305014,0,0,6.081549824975707
IRAK1,0.7328559230050111,1.3004270555910744,-0.18575482300565396,0.3390033301542934,0.2542848181168477,0.7589638001754074,1.8213214126972197,-0.1885584797116703,1.1301596983189617,0.9680869949948303,-0.19575482276629988
IRF1,0.4350232106017381,0.8149357753609486,0.35751435145811783,-0.018739823291317882,0.709225768121191,0.9015758626746859,1.0306185670944337,-0.40244005898743224,-0.009037632314343735,0.7429560024251856,1.1979479506455153
IRF2,-0.6901342843396101,0.20475571361904327,0.46056577203536864,0.10977463342699265,0.09774310517919058,0.08271335824745986,-0.3816508349964256,0.22662705386840795,-1.415388855111218,0.8889449401917165,0.7304590910804483
IRF2BP1,0.9741907984604747,0.4672337692855847,0.1425357435324832,0.3244431977440384,0.29323496694353046,1.248240174107148,1.7974538097309805,-0.03835885489825541,0.7692218964584874,0.050626348666422114,0.36931936837620644
IRF2BP2,-0.7387363505549656,-0.4162799294608257,-0.4098222747740838,-0.2986344227310599,-0.6254564228479805,0.052445395902985546,-0.44186143878196266,-0.4814599040415913,-1.5169925585944155,-0.4086671610367379,-0.3245678436362993
IRF2BPL,-0.14795156857297737,-0.5572028500334036,0.06522591673108707,0.0104349517700151,-0.22186085097941988,0.38201867776998905,0.3421575116224167,-0.1028729556459301,-0.7127385698264701,-1.1863954522455438,0.27446947412065315
IRF3,0.9120029046961534,1.4446393054791982,0.32112479895642393,0.7544231724862459,0.18950167707426244,1.6532091478515374,2.633705734328441,0.33597487039442786,0.06280058180083273,0.846963853409453,0.29061034193805535
IRF4,0.36402146222992343,3.6595486509893194,1.0971279306125785,1.1479552995880131,1.4267353177895494,-0.06644720205489114,4.48132941219097,1.2724114349414875,1.1393076131697946,3.0284046741690096,0.8938020549480761
IRF5,0.39534663504050077,0.0781258155119246,0.6545695396259799,0.715487575831131,0.20219682659228275,1.1334078557318663,2.637065038510932,0.44612657960982627,-0.5431563342673202,-0.6747401413750238,0.8850198720945069
IRF6,-0.11033628610602385,-0.3792119426662828,0.10812759468056178,0.10371397206063111,-0.1051743135100771,0.49056059583828643,-0.7447374872315661,0.09043045325524579,-0.7637787510967484,0.06672990874852405,0.11633953260561601
IRF7,1.9990636360869558,2.7199392505786433,1.7679698738497474,1.6388295127366577,1.926301136386608,2.6262540996526025,4.268235112756627,1.045458917966614,1.25698393590139,2.0330834487790788,2.4128284065865544
IRF8,1.6879672197323237,2.406990661522922,0.7838567550058376,1.5608059093266407,1.5139032073615746,1.716206611392818,3.763612289691961,1.0312245445356654,1.9076329160785763,2.0264317768724545,0.46175060384202343
IRF9,0.12335977015473447,1.3300971723069785,1.0670006061990391,0.8191574465899982,0.8226331671303408,0.7306693422741154,1.7205501496966515,0.7675553614299389,-0.5187035508755083,1.1394119681886334,1.4381097436872852
ISG15,4.8961469890680975,6.8168936780884035,4.26721363611926,5.2909793753926735,4.194637426176298,6.002098508487784,7.8413335170398595,4.260897689616541,3.0997260522752756,6.169423352690407,4.284371871408863
KPNA1,-1.3535109103270848,0.8049383473012174,-0.08230043261478723,-0.18245082574708732,-0.504102413925772,-0.3286151260524058,0.061328525560436574,-0.18903358976697054,-2.263046452657658,1.1836732053779626,0.04653173314552634
KPNB1,-0.41882903295791585,1.4723468974893377,0.41313574981935736,0.4589672426047231,0.20937429873985874,0.40453127421538865,1.6134988776373973,0.19292780578809912,-1.3044644362273505,1.465123566669249,0.6728769846895382
MAVS,-0.11440989558484452,-0.5883249977058514,-0.1775831579074573,-0.2928705531427759,-0.27528293043102287,0.20424147487511154,-0.6646485838539028,-0.33180599162639957,-0.4713282651140926,-0.5032435811761098,0.018365985005278213
MX1,1.4609735808452697,2.531266231186581,2.190387543562037,2.382734080835249,1.6323019889947559,3.362964512877827,3.4762322065964875,1.8217161975463014,-0.4826524496877328,2.0527944852931364,2.6061304617294687
MX2,0.08632392004353126,2.7530109410022585,1.2327406313465241,1.111365197418142,0.9299080894687098,1.8539754388761742,4.341286275856834,0.4355320447428872,-2.001058000955729,2.0213645079675935,2.022225769445852
NFKB1,-1.7939264644653021,0.1030091998913277,-0.23991830377765846,-0.15075261328980424,-1.1552025086984818,0.27244560068538975,-0.3455436840873074,-0.3390140729760894,-3.1302721884469418,0.629479161313866,-0.1272974601296792
NFKB2,-0.056055402763722235,1.4666487710511982,-0.19414863114524483,-0.21501086077678436,-0.016371157386381337,0.7332644299816397,2.5268601334956378,-0.8052635578590355,-0.9438872461550694,0.9528986893970529,0.4025400697889002
NOD2,-0.5517173574175464,2.8376145281074967,0.4402062336502336,-0.004183034932565568,0.4845815562844213,1.32274867935127,2.313048449417641,-0.7603335628900422,-2.6449340968688158,3.289290667689249,1.3973202149097448
RIPK2,-1.2017983301643573,1.4617615929103747,0.29870188226754657,0.7753312953341635,-0.7809345794973898,1.5428135183296317,2.406763131554459,0.11275933978061325,-3.096639610319234,1.0940552858504176,0.492671205721288
NOS1,1.0971170222895443,0.32808137099132767,0.20029958253883912,0.27862234538827696,0.039178070611576944,1.200233283373919,1.5620379088796223,0.09826479167533304,1.7747540838910894,-0.005929252122643323,0.32000118132784866
NOS2,1.420931362507599,0.6203250203267124,0.5259513752816604,1.0654098070107878,0.26685985687918684,1.708422870376232,0.6785200162911983,0.8928313819250608,1.2161230279385196,0.6240091946238995,0.10420679959905021
NOS3,-3.0574594893854727,3.3371747103472993,0.09189984319485908,-0.11962497703546421,-0.6008090384646767,0.2167931464854458,5.5510411166292615,-0.3648272981599258,-5.088419592805246,2.8115063789271173,0.5731992696686349
OAS1,2.141213504007375,3.546545859357332,2.2822502728414027,2.9457668505138583,1.762446639922777,3.8562058670742414,3.603697887513755,2.44264005810517,0.4286231156867799,3.8179139833165574,2.1790452088789705
OASL,2.3862903587290316,5.969801761770113,3.0354278257427416,3.57656701741081,2.6152825277239162,4.321221581602858,6.7323484393687325,2.572081174187041,0.04217564374727842,5.472347555576465,3.487073223261844
PIAS1,-1.9920383074082848,-0.1644269155142502,0.06926327026998133,0.17795399747217447,-1.354933467240466,0.7618475418474006,-0.7698163185227617,-0.02881199989952597,-3.822698042917119,-0.006621883935263306,0.1844979732663118
S100A10,-0.9145270995117476,0.9867461490272825,-0.1420195948111134,-0.008416910166324242,-0.45698650746916797,-0.4904313588396531,2.6384403364271303,-0.08620352639190286,-1.374706699373409,0.18577477116175667,-0.2286770144266306
S100A11,-0.18179273652719746,-0.0602652725489386,0.007313690675476674,-0.0752350059758767,-0.21097217770997628,0.13698957341144677,0.5423684498948734,-0.1012596291849097,-0.5277245485320876,-0.38671296680585887,0.13987797453471665
SOCS3,-0.15706357287791778,-0.3889147831360874,-0.798432108724147,-1.0890982916089524,-0.15187578558165307,-0.008606385479618128,-2.886782701523279,-1.5588934310003533,0.11018968123851682,1.0402459585950516,-0.08472906750450362
STAT1,-0.8375257350979877,1.5876153413824563,1.8184315295899842,1.307027666319499,0.24430234669537856,0.7320448696788369,1.6129996516284812,1.5768093373774612,-2.362282394430157,1.8402529127228338,2.1232653199397675
STAT2,1.1019207931370412,2.9273402712156513,1.2092783148304784,1.7261603924424433,1.1778554804277273,2.6441021528892,3.694328051592345,0.9223417072050146,-0.3591408710285536,2.462301228267641,1.541712185706392
TRAF3,-2.0601568726812345,0.9399250662658432,0.11088710660405024,0.08642657340125595,-0.9843859119527711,-0.2771923832562937,1.4636753477092805,0.10488129422954717,-3.479058529450164,0.697444617554314,0.12718670326282866
TRAF6,-1.0841952570651365,-0.12010362596433083,0.15399207944179358,0.35076289813158734,-0.8075435208373826,0.6881559649924451,0.8209339102617335,0.07837237947623912,-2.644610520539319,-0.7081110666113412,0.2448097732705328
TRIM16,-0.10572231025418691,1.217049193098708,0.32560660302485733,0.42394258900670034,0.1669113264994116,-0.049817194144916185,2.643061711040466,0.43211119527303954,-0.11503933367038588,0.522004114841981,0.17126018012535182
TRIM16L,-1.4692939780990484,0.17695617181539944,0.3966484431582093,-0.06086738711249736,-0.2074624815951995,-2.080300632977467,3.7580629384286532,0.27788514980326345,-1.038141566092764,-2.753995832234105,0.5440612387897926
TRIM17,0.22348850550422963,1.183275540959108,0.032654815558658484,0.4832363061059049,-0.09085948587373872,1.318057066618444,0.5669296126595929,0.13394583106533783,-0.9419695564200017,1.145711929924133,-0.06093455784138791
TRIM2,-1.4495792971452421,-0.7999286302730413,-0.013727648249048466,-0.20202963332079432,-0.8106888761232338,-0.33757938240095975,-0.21845293173360303,-0.1251523912653271,-2.3351373442144774,-1.0698347010513405,0.12101554403966965
TRIM21,1.0935890881926378,1.7871857121455146,1.2900862058369387,1.4649228628895636,1.1729827684539906,2.0792248794406567,1.6963157344184763,1.1641758626622685,0.09317903548570163,2.191937599895117,1.4413867358882135
TRIM22,-0.11168188488264501,2.6961932603349736,1.748697718744009,1.8830197515543399,0.6872050802114902,2.400968921137542,2.8123557635503866,1.3638500313252924,-2.0205032150500477,2.7408421646104326,2.1989774835416833
TRIM23,-1.2501824787978444,-0.23464504268272723,0.507097392951821,0.17986835965803674,-0.4265157842320227,-0.2515055990400538,-0.40935604647151874,0.4257459613265639,-2.021299820513279,-0.09783688056038524,0.602472053874054
TRIM24,-1.3998100875183919,0.31046402362916525,0.11003648010457442,0.06127014615103539,-0.7393284448601157,0.0859110952715137,-0.9586371582278146,0.05792418293887792,-2.644169387902706,0.5617795096611081,0.17066358683669985
TRIM25,0.1839764907400294,2.153349081396878,0.18941539246225228,0.1061136490421305,0.6439568254115849,1.0900010852356214,2.538782988141567,-0.8241243374278041,-1.2219397849991032,1.9636980947248996,1.1632726722733988
TRIM26,1.8274967151362305,1.6953170943766345,0.6761192497530976,1.1369632553847762,0.8555170743957817,2.101996806510011,3.351896892313048,0.527345340287174,1.7357098893290015,0.8158855815306876,0.8526988825747537
TRIM28,0.2186393020554445,-0.08392564355372682,-0.03898833950751882,0.17974541790573764,-0.006637971199436438,0.6812270281238425,0.12064302840889259,-0.10473967792919182,-0.2860064820822205,-0.1595565136718782,0.039206307466605916
TRIM29,-0.05789892995020341,-0.29891758399362406,-0.19169692803509092,-0.21697024479702606,-0.15309529162209765,-0.07746625781418034,-1.1697944841068055,-0.16894014875988642,0.1744908787355487,0.0004113563031409683,-0.2252264634221397
USP18,2.7227426801485612,3.956382846498093,3.002707963395364,3.6970931114467738,2.40460741619668,4.171746994450728,5.251592036982329,3.0600960186886836,0.7606432751082755,3.148886561251487,2.9473443312364425
BCL2L11,-0.8168648823439627,-0.7001930378425566,-0.19758552132732884,-0.22443663177456816,-0.5857542496698683,-0.04239881912117641,-1.5751822809858165,-0.06091952101559007,-1.5252593370621,0.020606923340572233,-0.36400820446554283
BID,-1.6677049880180639,1.6312723428861167,-0.544490538382392,-0.4582968272756668,-0.8614529451020378,-0.8714298587821399,4.350117475141896,-1.0249331657844036,-2.5988136955199574,0.1671705652249889,-0.1922479432695835
CASP1,-1.2178815797843114,3.1287054677001116,1.0787300099103017,0.8462647696770146,-0.06730048760734662,1.3796371921936328,4.247825539367803,0.2864263384548017,-2.7068525382618236,2.564135527610709,1.853109359494012
CASP3,-2.6251253401604884,-0.8290709513775373,0.4723405474585828,0.11037419492701331,-1.9573428343216588,0.08598815869437125,-0.9888713161998783,0.2330732817258043,-3.70226200648154,-0.5361056522747542,0.7754671051441119
CASP4,-0.8852911530504047,1.1906608040081115,0.2694665443279895,0.12395460272008954,-0.09417785255391566,0.473523122809342,1.3211123782087997,-0.2484524665206723,-2.0724422109823974,1.1941464101702666,0.8397666722503904
CASP7,0.29377943335116674,0.3140329155490304,0.26647919792822644,0.509577186699389,0.07883579741101297,0.6618147478222002,1.102206411237339,0.37360155002287265,-0.11893316531495927,-0.08651028592961736,0.12598879608903205
FAS,-1.1398966751125261,1.4959431352558594,0.6961039059628881,1.0111627983976736,-0.6348006566122611,1.4763831719179648,3.2047299876781725,0.41862516529495947,-3.0863810164505714,0.6676183307556703,1.000269507093732
GADD45B,0.1087856390166023,1.0951704166450398,-0.03138195520509808,-0.26033910317245124,0.2672794102398999,0.1336822146935936,0.3317671743141355,-0.43245661870088326,0.21800189937087922,1.5802815216784158,0.36262328927867304
ARL6IP1,-1.4994098592803073,-0.39754812575216714,0.18589904904322188,0.04159614816328885,-0.8810838703297283,0.05360977197985136,-0.6220080758732103,0.03540349616009427,-2.6083031231975227,-0.28133939112111195,0.3599452442536848
CFLAR,-0.18352976374486524,1.0377186838029542,0.10277745832425271,0.3189418193632797,-0.06783025210654725,1.104757648743714,0.9228668412526925,-0.1654967263169,-1.5698062670233404,1.2296838076090664,0.37964930262671254
ACER3,-1.493405406379478,-0.8831125874160893,-0.3018957647645497,0.052750949565066055,-1.442303081315537,0.44714882263354977,-4.251419279484956,-0.22169450480177882,-3.3110669244353303,-0.5278156033639686,-0.407807204741008
CASP10,-0.8903367053035559,1.4848558205973679,0.23966499184231793,0.14597904520372626,-0.19803847485510825,0.7267229947841154,2.242562250039752,-0.14323538406464134,-2.136429849613809,1.1868602737999798,0.6914332986236474
CASP8,0.13416870273381223,0.709423068500713,0.29245363962069537,1.123314125680351,-0.3841670391192546,2.1093530523787543,1.3185528890250722,0.18472870229047836,-2.083266384009134,0.3350588933159905,0.4234674954750132
APLP2,-0.9735655029691542,-0.7393788220715684,-0.2935856151747159,-0.2069089918488843,-0.9057702123485611,0.2284217404510226,-0.2915441739455018,-0.30532701689942915,-2.1315438874032884,-0.960350661895782,-0.278452630279054
CALM1,-1.2309130389710878,-0.367008418930793,0.05161719386466996,-0.06962174864661645,-0.6478738791589636,-0.5437357684845339,0.05298572173469951,0.10733275660680967,-1.9125425978631885,-0.5816754856322016,-0.018061708426421942
CFB,0.7112522843753485,2.487430887977847,1.0075385448456007,1.2579499474391331,0.9378256346850512,1.398917977965039,2.5329788693444817,0.998552386003037,-0.0018716941908103013,2.5552511811413248,1.0240325203399971
DDX5,-0.7143013361022406,-0.2911906555016949,0.06842256547354267,-0.03702147619528094,-0.3488758398718777,0.3138960244583181,-0.5559109583345955,-0.05278577651610639,-1.606865140478551,-0.11255068446366584,0.21684037276773285
EDN1,-0.8380092995813972,2.203001456064726,-0.48774741161074864,0.9193033172842803,-0.5559274476574098,1.034755979495442,2.547530892448317,-0.08856941033921331,-2.23408915217386,2.094058409729761,-1.226989939482682
ENO1,0.3267829340900288,-0.2579032350013583,0.0009583421790864419,0.09274877308352752,0.008885108573612265,0.4636719724321001,-0.001099980265586854,-0.03766743168688878,0.25861683678034036,-0.3865572881720569,0.04312797776536066
F2,inf,4.963388873283893,0.5172598290824708,0.12934026577439145,1.1940996373039683,0,inf,0.29897475296699133,inf,6.484020919921522,0.821476130942976
FLNB,-0.3516839639785744,0.23299015095029987,0.11621234268605761,-0.2062889757082237,0.16142937890595843,-0.008544238326254667,-1.3756710078608965,-0.17200851905591222,-0.7226367134027303,0.6479767009251183,0.49366222465278864
FN1,-0.43397675893220927,0.5111294775223134,0.19155327012566514,0.745789578266411,-0.5132292388689573,0.5969762236140032,1.3287550434870292,0.529048444133874,-1.478293107311113,-0.29870500863246213,-0.19270316378574556
GJA1,0.08017302443134974,-0.43913112227900236,-0.4086034017751136,-0.28985026766986244,0.2609434297622709,0.32800999740602116,-3.81751465147334,-0.6290642106921869,-0.1857488254057829,0.8575352882246557,-0.09098267896756439
ITGAM,0.025196942943898473,1.0551760762190008,-0.5068773470658514,-0.4566699702075296,-0.23493898382286388,1.3367551220746017,-1.1505226531162944,-1.5377065516309258,-1.5746958786742815,1.2646232096041545,0.23613879016846445
LDHA,-0.19642499328092541,0.7204179990715975,-0.27673562588110867,0.06841684904904378,-0.060881257179749515,0.32083769342609936,0.3306137819335724,-0.262642088139084,-0.7525759515428705,0.9518135755867829,-0.2984806512812137
NLRP6,-0.25894795146726757,1.407619042553559,-1.1122646677704366,-1.1509508921735976,-0.6438945141927979,0.12992192339636338,2.7909719011335214,-2.059442801052134,0.7387542361737551,0.0340641422734452,-0.1889525019542565
PLAT,0.45447555807294354,0.07879885080853695,-0.7895980405049455,0.24245460856826612,-0.5603363041843152,1.6344571456389718,1.0976210571883105,-0.6280592170940228,-0.4740827158290047,-0.6590707387326993,-0.8803019970001902
PLAU,-0.19441120951457658,0.4466333224494971,-0.941256288061886,-0.47630863826414654,-0.2601848743458836,0.03167896387242246,0.5142437799261419,-1.3854234391570575,-0.3461034137693237,0.38718808334049465,-0.5559982512103265
PLG,0.393652498386742,-0.24666947556985142,0.021960050387855364,0.29294464526920955,-0.24556727798276753,1.3601312457924644,inf,-0.11244756964181975,-1.221690409856773,0.1610867669363654,0.18597021389224236
PRSS1,-2.7081746810611755,0.4704911874049625,1.195261669010519,1.240423850246121,-0.8590852654469433,1.5092838422902362,0,1.3642609617632928,-4.586183611718377,0.27784610946256655,0.6982574668670157
SERPINA1,-0.36100232663047105,1.016240604573658,-0.8309767630461203,-0.7821096478028002,-0.581353427386561,0.4795131589487665,0.15992779131048188,-1.6052607298729744,-1.7091201343252744,1.5514112214842444,-0.16540794811715365
SERPINA5,0.3594964522367788,0,-0.8766237675337035,-1.0954265627914783,-0.44963523423603535,inf,0,-0.9200939608195589,inf,0,-1.1245260075827312
SERPINB2,-1.4670978848285268,-0.3113409308815265,-0.8058343020767106,-0.4079019803906076,-1.1823980847470144,-0.35295986294660925,0.738743080821487,-0.5537458029767067,-2.3384187990254954,-0.5585792452854623,-0.9655988136429415
SERPINB8,-1.999741843094212,1.3773508405508657,-0.4295384225340011,-0.010300809044372815,-1.250977722104056,-0.44987462163360675,1.9970174148030868,-0.1545865135673474,-3.330839553682133,1.067217420205294,-0.7076877076368117
SERPIND1,1.370582681876511,0.020101409299819194,-0.0019734680090396067,0.544477717602506,-0.41706097718779767,2.6092473435028776,0.03152319218084267,0.30801793671421895,0.29641756732748675,-0.14725933347940137,-0.39339634426558473
SERPINE1,-0.7328382359487067,0.47546031755557744,0.05326374903866171,-0.04884707706251781,-0.235660738479509,-0.28658182384193415,-0.4973729148947056,0.08481374110646787,-1.2044313543149212,0.6596021163644528,0.015855973897845793
SERPINE2,-1.1337146742650115,-0.4454302388996845,-0.3906970280064162,-0.5851186423177746,-0.5630880641910053,-0.7594285970973812,-0.14588491244427781,-0.5691947299346293,-1.6378967921671517,-0.561797677063528,-0.12922531382980745
SERPINF2,0.8041121652357803,1.5727480827140683,-0.2599103949805096,-0.1317008950622548,0.2748442322994059,0.08645852820945905,1.1697842755926546,-0.25477110727380436,2.156971858411722,1.6238181247891612,-0.25688782273218214
SERPING1,1.24859937959923,2.691735051631777,2.159366418440845,2.2255057630901973,1.7343623186150774,2.604115679486711,1.8626466611182204,1.8914460969108944,-0.03857460948246434,4.137656344416757,2.4812418846559123
SIK2,-0.30739076406803884,-1.1960641273479777,0.3456544800988869,0.19299400016676294,-0.19046435161650732,0.13539395745983965,0.9516419563591593,0.22497736693604234,-0.8248227212818473,-2.3402686727894335,0.5034954790500473
SOD1,-0.36026514366319157,-0.6751158522743712,0.39000341587595067,0.1649088384867221,0.008335813127539114,-0.5970530513748292,0.3738530096861506,0.4598815606966457,-0.3088681032008646,-1.4074573288933547,0.2838841209383613
SOD2,-1.0345425739812546,0.8622536767616527,-0.5322493370144344,-0.49357684018009707,-0.6008517683508435,0.6388125842224002,-0.7100261175027021,-1.3863325410695346,-2.6324977431984338,1.4896694328096947,0.17249393096798088
SOD2,0.34555383942651335,1.4341679783889254,-0.6013900289699298,0.004728606541450678,-0.27394675675153396,0.7617847930174106,0.8176770227872703,-1.1695127937350105,0.4283678266248155,1.4524146150252408,-0.13548519066930823
SOD3,-1.900226858050838,1.730883199708014,-1.1576394337848506,-1.5143219232734941,-0.8652479186737667,-1.5384929471150672,0,-1.4304524638498861,inf,1.5382381217656182,-0.6014817535009034
SRC,0.8861678530216925,2.311292647661325,-0.1851837589218806,0.6547247841868646,-0.07682609982639098,2.1871692511564444,2.553627775961951,-0.14638879064680435,-0.669154060472782,2.18148860293542,-0.2091743251036956
VEGFA,,,,,,,,,,,
VEGFB,0.3741871831561518,-0.9934318291992674,-0.35065526759704524,-0.16094591854873772,-0.6868720840012885,0.3909189131504031,-0.6110391759134607,-0.16638253381465773,0.44191479282361706,-1.1775667294438819,-0.5804060636464455
VEGFC,-2.4437695271661846,-0.6942378480582254,-0.1130734347582979,-0.6126055239577832,-1.6573384102365118,-0.9855958541223605,inf,-0.3985288375405949,-3.6414457251647487,-0.5993722799093817,0.41101065929065733
RUNX1,-1.138494185332772,-1.0434194436337425,-0.05413771877519288,-0.002428715508386685,-0.8883376769791491,0.21430760221490014,-0.25238092255996664,-0.043886697107360664,-2.3024535152336627,-1.33795737222779,-0.06659359349475223
SLC22A4,0.12217480508463607,-0.6220947378789115,0.21362738379631172,-0.06945046346907177,0.059121702116976906,0.7264388287709302,-0.6519805291281123,-0.09853180320912028,-0.5249169741679216,-0.5482730152421468,0.5992849400065313
SLC2A1,-1.6491875152559432,-0.15683791275564754,-0.04572055212778746,-0.30268137669283096,-0.7362734895791979,-1.1437419877694206,0.2655315607162993,-0.06435516358928123,-2.213513830992283,-0.3700796475323441,-0.035879924669465206
SLC2A4,0.287850973362072,-1.5434886367621012,-0.4742921621041039,-0.18898617210216961,-0.6099362515612368,0.840944082690407,0.22100099104455567,-0.5656352512820039,-0.30600174148586634,-2.5900316410882294,-0.35685476481056716
SLC4A2,1.188822260783882,2.9303445669196573,0.14743302507974057,0.803089606612566,0.4500387490363745,1.6201247597683408,4.4894270885753045,0.19202730887413128,0.7007510812169312,2.152522477681187,0.09350190298882222
SLC6A14,-1.816387707402873,0.1836404921269583,0.4081481297933015,0.4846269006266018,-1.2132029343148127,0.021664917116401214,0.3132311114695805,0.7052707422735683,-2.841347471863595,0.18168376431088568,-0.017757470101050332
MAPK12,0.06345658781128267,1.7554435811795817,-0.13954181432546667,0.09224381027237462,0.02768404594960636,0.7775735052639885,1.1470004096007786,0.003918758523980047,-0.6145637312462131,1.6168525493079953,-0.3897095681027855
PCSK9,0.9479148076862461,0.302742796663191,-0.15344940439745391,-0.42599070091265595,0.5330666817977646,inf,inf,-0.015876777031886797,1.6593069254638706,0.13396382414236616,-0.40876935592823216
SLC4A11,1.8584247326766163,-0.15382681489072844,0.034846404615343676,-0.04120781857277702,0.5530295125273726,1.7895815219950542,-1.1860208247929949,-0.17317761006684568,1.8361829054183296,0.685858270420126,0.2861922824634034
ESRRA,1.6661760812968642,1.1571722673282725,-0.10498403633932304,0.11265616390579433,0.5465672131539108,1.1869338600124917,2.4960827522665197,-0.3202667573872549,2.514014431902551,0.7357631752303423,0.14577765061753487
EEF1A1,-0.3211458445268619,-0.915098811095574,-0.2868511892342536,-0.31861569930126843,-0.1257535220551433,-0.34141674689840595,-0.9266979558185606,-0.32509941966084077,-0.3277275518854807,-0.8757109184781802,-0.2428789866759848
BDKRB1,0.0009292768986339122,-1.216987617549556,0.08496235614151786,-0.5830838175990032,0.13451857799126712,-0.8182420397152176,1.4776457215892502,-0.5051345386144532,4.4496967497054705,inf,0.7121395021499769
BDKRB2,-0.8406913053896534,-0.1630850537756549,0.2151811914298244,-0.07425438816847514,-0.17983100353779996,-1.0040824394711163,-0.8004201319812452,0.2805340201110089,-0.6255053949897283,-0.2769595408628648,0.11643985327438518
BATF2,1.3257712992091215,3.065169873681931,2.3171526077038718,2.0841437672962964,2.1373712646933494,1.5456126580941973,3.2689495851023462,2.118410086954557,1.4516322461104154,3.2782689235157725,2.5021530825222755
ZFP36L1,-1.640205281562304,0.4408671939408414,-0.48926221064917313,-0.5227083801003685,-0.9791692773360111,0.025293122996380767,0.0873092622065294,-0.8327739368861564,-3.0289494857864416,0.6116479185606194,-0.08026801801465272
MAPK13,-0.8590504615487263,-0.683186640886158,-0.482389809276904,-0.968974189375027,-0.46119316152974316,-1.0021672142533125,-2.395466945669503,-0.8645688869748501,-0.5925378941034357,-0.5630452871413948,-0.0490729961543705
S100A14,-0.3985805981100219,0.7511833575630809,-0.21536052690795687,-0.16208941447634898,-0.008798684862911884,-0.4319695992353166,0.8294555742553843,-0.14445859533449867,-0.5556957011205942,0.6755120085858013,-0.30765346677918143
FGF2,-2.8655579746424964,-3.914607170912249,0.2568377222893255,-0.9521962317773517,-1.00510604134444,-2.5462449129765194,inf,0.5489346364880892,-3.0404134318334464,-1.5927934232640502,-0.09104476404810108
CTSB,0.13209285467632387,0.2540963784877709,0.0037651444576570535,0.32892053342090294,-0.13756696511823222,1.0597180243091544,0.2730095031214271,-0.03192635653920025,-0.8055990497950067,0.2532457272731126,0.04511986665172397
COL5A1,0.21935320604957423,0.7307309536941311,1.0786991760818745,0.4323875269569685,1.2650293885853123,-0.40410313411262,inf,1.0190505419176548,4.1756441800795425,inf,1.1500120246954526
COL5A2,-1.4055192917456425,1.5445669768601713,0.15239034912854096,-0.24396143293953976,0.12902795691991076,-0.20254469266203493,-1.1749276852865838,-0.2553652301093393,-4.04641395913199,1.6706013016527472,0.6379644210760986
MAPK3,0.45895453129352226,-0.8654077211045442,-0.12916619149945924,0.2166267157237429,-0.11346799912371197,1.33073931708042,-2.066092515750755,-0.4071854170031989,-0.6532507203408034,-0.2767986984406576,0.19042814239192837
NLRP12,-0.30228868032838985,0.562090135883015,-0.7859103462347689,-0.9298842100531376,-0.7098718804188324,0.4401699285267342,0.7849041276797273,-1.2834991840590366,-1.2240679006385098,0.38976291450838213,-0.3167607398424622
NLRP3,0.06157631391893467,0.5692939755625143,-1.2794356401030196,-0.6652870664947692,-0.824660218337159,1.3112342092028006,-1.806205408462149,-1.9556356715065961,-1.2967548590539248,1.555920723080106,-0.7944392677409655
KNG1,-5.34264751158004,-0.28107571639305684,-0.34308193900638123,-1.6007254838045875,-1.7548362579381227,-4.049445295603188,0,-1.0814323618732138,-6.214465259627953,-0.4737207943354525,0.3651391729280923
SOCS1,2.481003260241884,4.041626086958209,1.2230806655319877,2.3685436080102313,1.1057473723049545,3.452648862508523,6.08142748446036,1.1949504408285367,1.1315496500145255,2.2003769134885505,1.2663709372243068
COL4A1,-1.4730598032988664,3.0848878173980014,0.11633046660196192,-0.7782636241641171,0.9145515957931952,-2.8374994524773176,3.6911294816232982,-1.122257848548584,3.337545219237526,2.27767874690237,1.0946710247210314
COL4A2,-3.5799315038041577,1.408893906964534,-1.0271874556523322,-2.2281198960659085,-0.9241740740674597,-3.562417750323943,-1.7470088947110076,-1.6415100941407774,-3.671720638113611,1.4665689414618814,-0.3423888979028818
SERPINB9,-0.72198232146321,2.2261255811886524,0.003102014849469348,0.8111377893739437,-0.5708014958550779,1.307924157978575,1.7971310638002054,-0.017068136316389655,-2.5409536036367477,2.7225324920825855,0.034466984007563185
C3,0.8246369424747199,1.330385540136931,0.7719613264877647,0.8893324458477282,0.8262010425031813,1.5024485556187899,0.9942083694936468,0.5571971817920635,0.12782006570094528,1.4392498643298794,0.9978587753102102
CSF1,0.7187212489007175,1.8540720357225333,0.22086435025320755,0.7216180126012421,0.5075744667308822,1.8696680857355503,1.3504569970661866,-0.03479637542628634,-0.38119510244107835,2.8075622224679684,0.5238984523394553
CSF1R,1.4033009257319373,1.8722582257876308,0.27179404390103507,1.1745315674517454,0.16361007072050357,1.76149593213459,5.168611163038727,0.4426307429667723,1.1665138263905772,-0.2675246324595798,0.07195874562603127
CSF2,-1.3996223608125626,inf,0.43106739928148446,0.154081516185693,-0.31526081925341687,-1.707056369956252,inf,0.6453682695666015,inf,inf,0.17402804531386168
CSF2RA,-1.0594666501666534,0.837601390897696,0.07730810979074101,-0.09766730994311741,-0.3695057046236974,0.7888614143187987,1.2756270930951694,-0.5471067766521958,-2.391446578125211,0.6339483500948584,0.5166552719850042
CSF2RB,0.05992700762281189,1.6619982795513928,-0.16843828330812533,-0.34260088277962664,0.12209636819097802,1.2571145839282925,1.9744010401578402,-1.376855376411127,-1.6134071053198427,1.5005561656071142,0.7668853070433757
GATA3,1.2780916450226827,1.8261158812980667,0.5788388948784026,0.7727937754172229,1.2126054841677119,0.5380478391024273,2.0851903516511445,0.7413352019858261,3.4817920140906473,1.690130487079272,0.3711831355394466
IL17A,-1.4701950455852013,-0.9504223606696042,-0.6478380480730566,-2.2203591915263963,0.28190439521606536,inf,inf,-1.2986002396075351,inf,-0.692231731404603,0.22411060219746634
IL18,-2.1494927790696896,0.20684970041731207,0.0923891034490132,0.11873172080676972,-1.5138301106970455,-0.2527243194877174,0.9617998019000339,0.12047630674064588,-3.4779361125066695,-0.44443130026920247,0.05221717484216016
IL18BP,2.0820722156795295,2.4958953275132156,0.4954928920756006,1.1668142418566587,1.1573897477074715,2.045212213459854,3.366195840643122,0.47897340062585697,2.473143933227238,1.9953628841100741,0.5067108448083788
IL18R1,-1.3753536311910974,1.141713221565451,-1.1301723562319932,-0.470387845414638,-1.4164267951236846,0.17555473825923215,-0.8315101674250016,-0.9367106801108674,-2.9030391367069464,1.4812696298201078,-1.291457761172131
IL1B,-0.49018827578733354,0.9876702163770508,-0.6212692950489948,-0.8266299755064908,-0.2632745963871795,0.619910952347726,-1.3787309820045581,-2.5720502760641386,-2.0952381248452236,1.4618783015814008,0.2699570782817144
IL1RN,1.068335553117486,1.6497557057914216,0.5727082227698641,1.0252945099755173,0.8086076531542994,2.4249433264818685,0.28457060375876725,-0.6900403454070638,-0.9428320145044505,2.297117650377575,1.3802831017852684
IL32,2.118272426632127,0.713660349020832,0.7422052354658302,0.9150987009305935,1.2896904041055883,1.9746171055389263,-0.7313553333010119,0.6625706138983258,4.158095689098392,2.2134996565154275,0.8386732718776371
IL6,0.9135643854664356,-0.38178137989658795,-0.2816669120259221,2.123243269090635,-0.45621743085336985,3.0163494270889513,-2.242849837535599,1.2220620350454876,-1.2680148311973514,0.49176516248755203,-1.1385586371507361
IL6R,-1.060632126578315,0.31256432716327437,-0.8285033627262199,-0.5081814577881981,-1.0788904346922188,0.730471867664552,1.1034123687580255,-1.169546750209666,-2.668376707318908,-0.013675924778559981,-0.4741074093406117
IL7,-1.0524224530104942,0.7839437784048622,1.090814702471635,0.6827074935401134,0.03864633734981552,-0.2148093269197184,1.7073058497999414,1.1764887384966456,-2.0151768077921113,0.4841881020232713,0.9964310824852386
ITGB2,0.26718902907031833,1.3703094448535582,-0.3524142691229659,-0.4009548218373518,0.07539321504564366,0.7493776192383156,-0.1814533178585411,-1.0867522956954414,-0.18672418815779324,2.1524765324799033,0.27660190498167014
STAT6,0.37878083246168137,0.9197860430859904,0.1677795677772569,0.255991185599942,0.2777684423481938,1.08576677626737,0.6853329631802242,-0.11379469885393567,-0.3843460513917425,1.273531235656026,0.4787879558883583
TGFB1,0.483601926182446,0.7571026828171251,0.05153265793516212,-0.006992882014197553,0.2213856931414143,0.6607873874493584,1.293524812631211,-0.24995637150222155,0.32156366727420016,0.5096837364298623,0.38224478706218773
TGFB2,-1.6908689780970043,-1.1725670545392886,-0.5909560783653057,-0.4218544556890981,-1.508542070361973,0.14965532484238603,inf,-0.5895635528686746,-3.300159453828957,-0.8144961432950799,-0.6078836175783944
TGFBI,0.6607276554402651,1.4911021785781848,-0.22001650854642202,0.7554544288725642,0.48690931179821306,1.0533500788086483,2.8665356943969655,-0.25653818298039943,0.2561493747277117,0.8637007137156173,-0.17290226552176333
TGFBR1,-2.7257917571316717,-0.03868559286920801,-0.32435179244484263,-0.9587458989572136,-1.4629384396704017,-2.1145390160297683,0.6539736139997159,-0.3507681230233942,-3.3640344159864886,-0.4059504791259348,-0.28723018061297845
TGFBR2,-1.6121956143553804,-0.884873781944469,-0.10280232962736045,-0.6567392881780401,-0.6245017858816608,-1.0927037144669205,-0.9566294280208458,-0.322214056139049,-2.1756527186962766,0.1580199443364092,0.15061835080892572
TNF,2.3236111118841936,3.208173134206975,0.9422922800298212,2.2452165463840736,0.8247997994995931,3.582526328337142,3.428406595817805,0.8846622979702976,-0.006332986882480738,3.186345716508984,1.0126672289678773
TNFAIP1,0.2670235519968483,0.10108589934954151,-0.11299745781428401,-0.09467542224329757,0.03524192942727341,0.5588520362119335,0.3437965569780388,-0.3708481558374083,-0.07046935907872395,-0.04018802368525161,0.16590288045456475
TNFAIP2,1.2020751886071765,0.2134614248205105,0.06490476178977445,0.3818465215503021,0.3074738710206934,1.9192827048376933,-0.49756367766399257,-0.4752552894039456,0.30782400805127325,1.0053953353609528,0.5229670122573562
TNFAIP3,0.055331385331279744,0.8076567879818368,-0.33377953397872445,0.41332918563484317,-0.3639921824579058,1.1362937007338445,1.1515677830978053,-0.46744049035237983,-1.33792951265286,0.6430092626713529,-0.19483528760873842
TNFRSF10B,0.7055687736984448,1.0334729279176922,-0.30972842974521414,-0.44898650259584477,0.34498536171114463,0.9009498773198377,1.0440551902520712,-1.1720188066178876,0.5977486765717194,0.9329626809028118,0.43695982967032765
TNFRSF10C,-1.0397236982187505,0.47686496868184935,-1.0046028431204117,-1.8270742565042126,-0.40079025337901397,-0.4279715909494446,-2.7321461892303636,-2.4567904209304197,-1.7426634159229561,0.7910980562008029,0.09651831770826491
TNFRSF10D,0.7280273832749824,0.8296740178812945,-0.5932599988581029,-0.3837971859444046,0.01406899114954707,1.1794420719258685,0.054511187437007336,-1.1567963178368863,0.2990124232334155,0.8015184634648542,0.023317156608295433
TNFSF10,0.6279605753210167,2.426309211225863,1.9502563326163176,2.0663232694947857,1.1073850058153847,2.1654140936976427,2.4231904810958724,1.7762906419703193,-1.0685715326322052,2.5089615353031682,2.1520245427720543
TNFSF14,-1.8964958945956703,0.17676693147475692,-0.4507431276463636,-0.972848857887348,-0.8171150567596571,-0.9758907776949995,-0.7122482118392125,-0.9608170563329198,-2.8204547821390515,0.19856519214801105,0.057421869309743724
TNS4,0.7572996722141291,-0.586846294192391,-0.07738603401411928,0.018049599497356416,-0.19890661965317796,0.6670264853752795,-1.8360957462400498,0.03510421066025921,1.6135854355678998,0.04579292399648703,-0.22456238198665357
SERPINB1,-0.4641945852807416,1.2665207615434475,-0.01017634744440718,-0.4015584653482388,0.29899956609046224,0.18980193711618956,1.0672535512611963,-0.7935474135232784,-1.1697389315294189,1.367280664477624,0.8044800587302806
MSN,-0.11045445136743001,1.1683696585730192,-0.17104577195780285,-0.010303645723515697,-0.047078504958208395,0.6409575833451198,1.5266715774966646,-0.47032437737251653,-0.8758263633272679,1.0052966960826664,0.18392032129457414
TRIM27,-0.7705447475059289,0.03062178401459058,-0.03790659070661898,-0.10297046060841636,-0.3703052982805288,0.45078529554429475,-0.818374602341302,-0.13414145559877494,-1.9264129589942272,1.083054409968784,0.07430807794885642
BST1,-1.71947245584607,0.8437150910139918,-0.08429832733285562,-0.8087105294880894,-0.21023802937056638,-0.7073895116134354,-0.46175502284313774,-0.8385771056817497,-2.790427564586396,0.8692033282737721,0.6530490181671132
ENOSF1,-0.4428760893758437,0.13832696924821924,0.3470778070351261,0.3487351724691201,-0.16524020101601541,0.41324379007339174,0.16487798998100409,0.37688338965079854,-1.3254932199721428,-0.00395645415014129,0.30149804267442093
ARHGEF26,-1.1594397477962568,-0.476830880771646,0.1417673360757959,-0.13689617412440105,-0.4567901428102227,-0.2291093208707868,1.5702915862500673,-0.20591749654907726,-2.079448790824895,-1.3236149178202699,0.49687241520250036
CDH3,0.4861273949611407,0.9942380611180651,-0.38560527039097636,0.63219883831182,-0.3468550080260924,1.6573059233606016,1.5710880001543912,-0.3153917602611834,-0.6898299664389651,0.23844182039521541,-0.4769816543840494
CD44,-2.007116242663953,0.8740901431336222,-0.9709109766115286,-0.9380952068920563,-1.3403529682928002,-0.31171002898896416,0.058424464032521245,-1.3334926136395435,-3.2336505286124866,1.0860761514262023,-0.5799530024134196
ITGA3,-0.17725340696733766,0.28963467941486837,-0.06828769358146289,0.02373691739776854,-0.2289838468531676,-0.08759376390520018,1.2606418806938742,-0.06216417776312706,0.5476986859610707,-0.2671501286916977,-0.08249822762666778
ITGAL,0.7429054621567821,0.06697296694808061,0.5869734863408271,0.4582038740943932,0.8925648901131735,0.9449082152036822,-0.05008232632808464,0.09591967203818873,0.9278823071124972,0.6506254387121728,1.0725202076944194
RHOG,0.4407979360794774,1.3396736157883677,-0.36379404213872096,-0.20138399161784848,0.0028933944052605054,0.8904726755471516,1.379067799594485,-0.7731382174758237,0.04488767805462339,1.3425593298446779,0.09423832600165383
DNM1L,-1.602134279782706,-0.30337047991966715,0.37658273600954484,0.18854248851091815,-0.8561391059040407,-0.3779431442420249,0.2136453218598855,0.44451098149128415,-2.6278129264367145,-0.550909423092418,0.26499462610409796
RIPK1,-0.7073982948693509,1.345228182183944,0.32466242441487353,0.3657044626697199,-0.04907275780960633,0.28065457074630207,1.9794875711914783,0.07034159005137824,-1.6520297204751166,0.9189712169283578,0.6030072412192863
IKBKG,0.5607911538629412,-1.2538520943298497,0.008199434940363536,-0.33199532880776234,0.34905895044935903,0.9003622272423132,-2.490075130747902,-0.11926825473654963,0.1336526706459688,1.438816050171394,0.16885924298861688
PNRC1,-1.456804826088406,0.1841601870820147,-0.6282654203526375,-0.5364269348414764,-0.9741460232566594,0.02262858271395348,-0.4106920009563466,-0.9971492294012105,-2.7721410070590045,0.5005026531865705,-0.23482048039655043
HLA-DQA2,1.2960942155697617,1.5105037587780736,0.8482013009837323,1.2986434826264863,1.161818017692711,1.4774610067988811,1.8413133540266897,0.8146472617503359,1.0814416389800428,1.406997706149253,0.8935239649734823
HHLA2,-1.7064205752347588,-1.386717331764029,0.21769661313759975,-0.30322426286063875,-0.600967321070539,-0.6506409042132006,-1.7922984114069591,-0.027718927683436263,-2.5685506805426117,-1.1142003739629385,0.5110665152041193
HLA-A,0.9899641016279445,1.4529086380412657,0.9520653142121295,0.8680257146479785,0.9440871171935206,1.6411845480984404,1.3632556844145318,0.6584232843510047,0.2842046318648853,1.5763729567701923,1.3087140736753433
HLA-B,0.8611133216647542,0.5125613422744155,0.8020708602393498,0.4921657870983195,0.9734335916138792,1.460403683520283,-0.20922660321267683,0.33141071096015745,0.2121732569770633,1.158016397520212,1.400490447488876
HLA-DOB,1.4003550857196798,-0.711932659840636,1.587617281235727,1.3280106805426106,0.9586351692952113,1.522048098416686,inf,1.2266377803515571,1.9864707913321136,-0.8646660931407288,1.9598534658831162
HLA-DRB1,0.5778539628056266,1.6073155166547433,0.9728548693179092,0.9255841791711759,0.8862660554200654,0.9360347115947424,1.7528767396913845,0.8553189038812928,0.22555253139523854,1.5656827398829523,1.1184159638441669
HLA-E,0.6854961822104679,1.1370665173574033,0.5390837563321278,0.2160385246784667,0.8369166251942707,0.6960002469480504,0.9266798736999614,0.08042121020673534,0.9642384208609562,1.3151678320229134,1.0856633795261532
HLA-F,0.6310019977451838,2.1894392313047395,1.1864102033350656,1.2689966990428916,0.9889107597127683,1.7957143974446967,2.082713165312537,0.8723451598260054,-0.5134715374711734,2.2871376428534456,1.5056079796298363
HLA-F-AS1,,,,,,,,,,,
HLA-G,1.5187627062247087,1.273747573260429,1.5726412090346469,1.1564520208994222,1.5625114191896972,1.915321531880993,inf,1.279727376203169,1.01660027043492,1.424173739683788,2.0252807028127107
HLA-H,,,,,,,,,,,
HLA-J,,,,,,,,,,,
HLA-L,,,,,,,,,,,
IFI30,0.4904620786601319,2.6463279898564465,0.27380183479648007,0.6349822082536145,0.6176297703823812,0.9573366507955304,2.458478273441204,0.16992497204008247,0.01905555639275847,2.971995104418063,0.4035079821696935
FGFR1,-1.228035491990849,-3.2674780457323163,0.07843398974792358,-0.621806158059854,-0.9293464654547142,-0.4347070160247899,-6.626412216071415,0.23461206226938786,-2.0737144386146884,-1.3527380188800078,-0.26463470878582057
FGFR2,-1.345962231163661,-1.2752312703761186,0.10703423683677937,0.18776358836518064,-1.1251968222428106,0.7835249588732011,-2.4888526491367453,0.1956379416529196,-3.071187856951919,-0.3610602497944466,-0.021147287522876024
FOS,0.09048859194785498,0.018545652403089297,-0.9397499200788195,-1.049451794286971,-0.22398419996565103,0.42179544533328817,-0.528090328366062,-1.7425026136728858,-0.23345089369694805,0.3156779410394944,-0.14653037021116458
ICAM1,0.22480982813459774,0.7653402612886354,-0.48861828272925,-0.3163175592656662,-0.3215476098027859,0.887494199782505,1.5568814538314646,-1.1168831177817191,-0.5118418655933954,0.21833395214959134,-0.013710688084950247
JUN,0.49510538566257517,0.3797232062302154,-0.1390174034888979,0.038581332776438014,0.3216274181982967,0.5745276675778019,0.12462817148379969,-0.23480798754531268,0.446378643947154,0.7376364115734265,-0.01950494379923121
JUNB,0.10512899518787236,-0.02188912856449762,-0.6446121592518255,-0.8705140573400314,-0.19622086117537016,0.4182370850709135,0.21839724103910862,-1.4069035624645871,-0.05159484869298206,-0.13574018604628288,0.12172923890697177
JUND,0.8545137250133946,0.7881854770787835,-0.17737992190322557,0.11076737940377347,0.3309625474769703,0.8222755460982557,1.8398855554541669,-0.4192759589637826,1.1614856273157446,0.3160111409337518,0.11629264276662162
MAP3K8,-1.2612177108118465,-0.49029189766931336,-0.6847039278300711,-0.42394126601712273,-1.1435939411941274,0.41444155714681263,0.005098621525840359,-0.7931966153716773,-2.464098141096662,-0.7564618533905313,-0.5557725452230685
CCL2,1.4433172337439064,6.3067348744634195,1.1794730349863272,4.416457875276017,0.2207561705613292,5.591370447832231,6.20432285668129,3.0162940333238306,-2.187668171497897,6.959493582666285,0.3824445922017693
CCL20,-2.272563000977598,0.22369331344039914,-1.1415159761052862,-0.9238724035400511,-1.8987479468146222,1.6774975441302407,-1.928991228873934,-1.4727060853484903,-3.820947957867441,1.4313420019666483,-0.7885269505607955
CX3CL1,1.9038840775934605,0.6858065574876474,1.0736874211155727,1.2720822041170834,0.960100067472129,2.208648560460559,1.219055819038741,0.944815628516936,1.99285724814539,0.41849594783100535,1.2372391912936878
CXCL1,-0.8801641560788585,-0.09925635783905301,-0.5550743547264584,-0.7107672696132961,-0.573695899938509,-0.4932786156954201,0.09757536544087168,-0.8138008130027989,-1.377897654174067,-0.15636967202657856,-0.2618558600669049
CXCL10,4.179196594795417,4.7991179305709055,4.629963993076761,5.913343496959118,2.944486983235711,7.0515832795580975,4.718140528773405,5.603005640504581,0.1796821721987365,9.162003925797064,3.6361151746800306
CXCL11,9.143846601930951,6.026042133368874,6.303690219994209,7.378923636478212,6.472616808889995,9.683656454639499,5.8808169556348115,6.789503095666919,8.84684224352418,12.580590521758323,5.679270557950192
CXCL2,-1.9161639793633225,0.14457347821887917,-0.8533012718372485,-1.0704453466231023,-1.2144196821645619,-1.1454171429036792,-1.7110731944049589,-1.0241002183267283,-2.6000748527957915,0.5891464369845959,-0.6910853301997067
CXCL3,-1.2311247668627998,2.073141482889503,-1.2468722015614306,-1.3533245394012503,-1.07472748850646,-1.9276461039868897,0.5372700037306802,-1.2271301661931846,-1.4891159752376706,3.434967666269701,-1.2320111501232158
CXCL5,-2.752211904325639,0.7752779589152917,-3.1627438236467036,-0.5789881219091684,-3.256883444573238,1.268357431834406,inf,-3.2173667411573024,-4.534486029945495,1.7059785304846529,-3.094239318267168
CXCL6,-0.7801512197049183,2.3243982367303273,0.11605713758520793,0.8297661341419101,-0.4708875366785955,1.0511762388582884,4.324809779998386,0.44352003673048995,-1.824335025004951,1.7219025501427312,-0.2558296451430848
SERPINF1,-0.305501418918531,0.7767282554402581,0.09399055856811328,0.2086851430479526,-0.05474091361731513,0.3369452739634639,0.5894456190746559,0.11680363076846768,-0.9691763864709863,0.7604101808511095,0.05379517772964181
COL1A1,1.1827230849526151,1.8324233425217493,0.2218385313368286,0.5930215328099699,0.6965859541208952,0.6792951651090103,4.218925976251214,0.05120359309762445,3.5241385935378577,0.8856720007822654,0.3961454924616839
ACE,0.9202924003146958,0.4874129490194117,-0.07726397819415189,0.2907371868157275,0.3685368615488225,0.9264529504116781,2.8556117624297346,-0.14858030263774244,0.8590347243552943,-0.25622872232780786,0.00846105068759484
AGT,-2.6293549827367775,inf,0.11959008950737327,-0.39629789779318386,-1.0093833387625046,inf,inf,0.04333440392494491,-2.9942493051812775,inf,0.20948620657854325
REN,-1.657188157542098,-2.4454811139240817,-0.5481474289260877,-1.0400353590548495,-0.869728652532721,-5.41201424536745,3.7319629103219354,-0.763939374973823,-0.0835384282817419,inf,-0.2998643401357272
IGF1R,-0.06302842600083453,-1.1754852587738658,-0.277868084793374,-0.18763981794681828,-0.44522060813500614,1.0258898958999303,-0.9415158641011937,-0.44036397568051044,-0.9662261808642756,-1.2496362097948022,-0.09269914746743536
ATP6AP2,-1.8502064103592584,0.13749489100886694,-0.08362084954949801,-0.17802386776039658,-1.0467350766237424,-0.5014133397234687,0.7617418142943598,-0.20966870774034144,-2.9531311517171446,-0.36714606594455573,0.07571876284410543
IGF1,-0.08921636634688723,1.8729138764183122,0.8741371089218459,0.834388779982003,0.38933660289592864,0.7597813138959983,4.048967595702648,0.7630774222370313,-0.9532259479614813,1.1594172286989604,1.0072687844075687
VDR,,,,,,,,,,,
IFNGR1,-1.736357024439608,0.44953341860411067,-0.49933591465009725,-0.5409203645895897,-1.0175437798940898,-0.21819243509388034,-0.8342965144226384,-0.7993827621052654,-3.0540489569282254,0.6215851684675804,-0.1586869653815407
IFNGR2,-0.2459855772472954,1.054303969457229,-0.3633489519179314,0.16556163482911102,-0.43110160101863737,1.1585961513797727,2.6084708994148826,-0.7344072325791656,-1.4755677232029891,0.07669048141441674,0.010107669865944392
ACE2,0.306556201016304,3.6943664798686227,0.9434734362908355,1.5718363348697941,1.0192975110892424,0.37324826141776474,5.116232396708463,0.8699205417479915,0.20437813886106337,1.8919736243710548,1.031778199863356
ADAM17,-1.599074618896638,-0.0016019155765097525,-0.11674114143673343,-0.4596420587622286,-0.7005123636066035,-0.8282885379415298,-1.476306373414927,-0.23456479667786548,-2.3886172543274284,0.1284235080585855,0.027267697036607853
ADAMTSL5,-3.5822201892261747,0.9472863993447223,-0.3832844960198692,-0.27612312375413933,-2.4043139012801835,-0.2278029814059276,-4.828678819093676,-0.16449877388966844,-5.1012367903074765,1.8832568853715614,-0.7009146256631785
AGTR1,inf,0,-3.8980754590131848,-4.106957597774942,1.285022205540283,0,0,-3.956817248347082,inf,0,inf
AGTR2,0,0,-2.8620427316593897,-3.0151419471192895,inf,0,0,-2.8650015976914296,0,0,inf
CAV1,0.2879693345671941,-1.2930053717836498,-0.7607492480745246,-1.0928952203376732,0.7863203908456747,-1.5040112371705723,inf,-0.8553853959340162,0.20730241251140222,-1.4700695696011847,-0.6412004654677509
CAV2,-3.2901332363796696,-0.5394986782606712,-0.012770333759795728,-0.6985832100516092,-2.1262765866835993,-1.5082123367355942,-2.602771147686614,-0.12734586358120129,-4.279584908987727,-0.17133132039352525,0.12524821550980464
CD14,-0.12363866400920569,0.7531058771441917,-0.47189686146817955,-0.5165637422663689,-0.2260558936052231,0.32000439081768356,0.8670712279306981,-1.1821282291554855,-0.49318010043117694,0.6467319545338751,0.0705612067767118
CD209,1.0475581938466318,0.7668581827572674,0.16089518239748546,0.5330628949541756,0.33830291158162473,1.1604844862636405,2.903729258588415,-0.07083064006894929,1.7741892134501724,-0.6488246541740914,0.40430306942995853
CLEC4E,-1.9653942155054105,0.9167360549110529,0.04742326414523219,-0.2195331160506269,-0.7673370080615947,0.8213118041155872,-0.06135520278019195,-1.033215777215671,-4.378391800221219,1.6279219892563046,0.7201450110203786
EGFR,-0.42291123231211386,-0.9835493137448541,-0.03786821331331124,0.1557948493041271,-0.694464197755298,0.8323537251993725,-0.8975848968467702,-0.03216639538354082,-1.8224507184829086,-1.0833902334600962,-0.05872516026232017
HNRNPC,-1.3616565004617345,0.16192685761906261,0.16744920237111247,0.16088799108536048,-0.7810711162707704,0.1528934522980196,0.26498327255940674,0.12858452146471858,-2.5601467399309406,0.1017271319303174,0.2142321700975938
IRAK2,0.5315531082653013,2.7182722489993165,-0.3338822916099421,0.6780172362627814,-0.29939092718096,2.3462524568953564,2.6518127781278036,-0.6158924890846003,-1.869001351738157,2.9498947321175355,-0.07230317303311548
MAPK11,1.546275759807583,4.076864579007285,-0.1777775885207331,0.11086819125937261,0.9902495259651106,1.6545559817020365,-0.5763736315220201,-0.5153633809029354,1.6739705787660215,4.596626853815015,0.22686387462219312
MRC1,-1.897461514027491,1.7246998731342416,-1.519409044375803,-1.8586693530100273,-1.0719354758867785,-2.3769370610429945,inf,-1.4627569721937805,-1.4036018174296414,4.097615243611824,-1.5374287456947322
MYD88,0.225520055732356,2.3028633299350263,0.13269231487528768,0.5797667532961478,0.33445469294594204,1.0572395165592736,3.6678196417836233,-0.2239989493192871,-0.8250592134275617,1.6947406122579274,0.5226824652697456
SMAD3,0.17074193987952255,0.8616122036582275,0.025472874925908794,0.17120073542351577,-0.010649914914743958,0.2783581912069661,1.1716311330027818,0.1268798557050464,0.08149492271410942,0.6889068144386499,-0.1230685679859135
SMAD4,-1.256853908819242,0.5066413150503917,0.2094942543427213,0.23054947577431273,-0.7317886308930751,-0.375841426360873,2.238913542100618,0.3286209834936552,-2.1906642690390146,-0.5431415022462044,0.05775898070476798
TIMP2,-0.5631966316981311,-0.6240530161677388,-0.5787919919055633,-0.9054653081322974,-0.35485434228356766,-0.3425816273378274,-2.124444095912253,-0.9497198746998713,-0.907518761865893,1.1035794112813349,-0.18696710049558557
TIMP3,0.3827896272099257,-1.0147617356271905,-1.0201758242274122,-0.8209114028146933,-0.6364499428583678,-0.3025221041045217,-1.6943018443801634,-0.8990294950071773,1.0595281949659754,-0.9699376011194667,-1.1913435380345685
TIMP4,-0.4347738376688528,-0.5522526402578626,0.9273553661229657,0.5144716144783273,0.41577894217963224,-1.1430119980365292,-1.1584780400631538,0.9147091194958773,0.5420353933084019,-0.6738526631470032,0.9269950342724302
TLR1,-1.7580406367284722,2.0033135076714492,0.035977155865577204,-0.26901154351563733,-0.3274643688147719,-0.1311363773428277,3.0500786221271454,-0.7110394057770826,-3.4067890082888796,1.6113210455097138,0.7373857841761351
TLR10,-1.1570419496348618,0.8502610606578793,-0.3964377177927587,-0.6236274330887325,-0.5778338025082017,-0.2338344961072109,1.3914753845619845,-0.9751975975077698,-2.211224551559256,0.6417887104244993,0.21713794025601355
TLR2,-1.8961381184259154,1.6259362635429329,-0.1978703291696451,-0.5457138611562687,-0.6324782903880377,-0.3810382323348386,-1.577656316098621,-0.6402983676689402,-3.6984500182799813,1.9889530475072497,0.2115982266825569
TLR3,-1.4304009788937437,0.9404179292034849,1.2108502844098492,1.201414941683304,-0.8621841069559585,0.9803143895998028,1.555972489999032,1.1643238866118752,-3.3593075568763187,0.6039353587187715,1.2626617052934468
TLR4,-1.7492678059760995,1.3316506254680205,-0.6195821006033807,-0.8402197522489614,-0.8192508261307533,0.5542844158893897,-0.045927420637476124,-1.5996717189788292,-4.0969405986828775,1.6862428747406724,0.17422017938609996
TLR5,-1.9390584125952384,-0.6047766508940788,0.12266880494373034,0.012894654326081703,-1.1296769654841068,0.7968274117296904,1.152043513940183,-0.25525406641226256,-4.1807783992076155,-1.0287226251217374,0.5708635876229121
TLR6,-1.2473216569408627,2.3769821157258733,-0.4075382921504622,-0.08424220450100336,-0.7305591191214611,0.693785600901348,4.705479973348866,-0.8247280954313244,-2.766147177182431,1.1739540490096994,0.011691090593591113
TLR7,2.579945973731961,0.9351972323132883,1.2047101320969622,2.352834120815205,0.9816684735483954,3.898060179075136,3.2600289520734647,1.2079558033388178,0.7975833862430436,0.2975799217717701,1.1869146945931062
TLR8,-1.6742749377702562,3.225433542516415,-0.6105113185342216,-0.5380395910201254,-0.8013059156584368,0.42616919787343893,2.9168138779290915,-1.567141959155373,-4.109501320598569,3.201768422794532,0.11683557422399178
TLR8-AS1,,,,,,,,,,,
TLR9,8.92312638641867,2.1236282645389997,0.11713965928871903,0.2867984925145775,0.1368833428174417,inf,0,0.43796288749822754,inf,1.9309831865966036,-0.23323107010739025
TMPRSS2,-3.78792689858447,-0.014221175400167391,-0.7383921496433166,-0.7496624039638952,-2.2680310002725603,-0.617134618684421,0.7421704876772492,-0.7426512977351534,-4.876106991061237,-0.3476862437631604,-0.7208545595661121
TMPRSS7,0.22088164686258638,-2.6169050850343063,-0.5182841222168709,-0.1566660486815069,-1.5623897365015516,1.6027841817609683,0.6049002336780809,-0.4632983434651538,-3.3216943784472686,-3.8309343445297985,-0.610046730535811
MAPK1,-1.1521334004731527,0.7693001734909385,-0.1940352485666215,-0.3233667986548699,-0.4508834906804799,-0.7198273717745125,1.3345930438022595,-0.30425577621031463,-1.6558280465624091,0.4854528133542739,-0.05869422897980671
S100A6,0.1933473532803208,0.430169618127445,0.469813079348976,0.3286349111237719,0.34245336935552706,0.1651289804875825,1.2770450135233622,0.3759364113575156,0.02833576265192362,-0.012379255159252651,0.5865011114737805
APP,-0.2938071766105839,-0.8702928286254643,-0.38345975648581804,-0.17799531016552633,-0.6503724078735563,0.336638006002103,0.5759595357298419,-0.3867902955423529,-0.9546378911395891,-1.6016793842829062,-0.3952052240094998
JAK1,-0.8383156780762994,0.6950807414143153,-0.03762828279534429,0.06082975347207137,-0.36169769474523944,0.20835417326868563,1.0388392810350968,-0.2159631497964918,-1.8116614356707939,0.5302208718701863,0.17077825759606088
MAPK1IP1L,-1.648751057939201,-0.2526422209223033,-0.18972268903240497,-0.20441967188905633,-1.122048296321435,-0.3459122010434581,0.025174919813186845,-0.1813208146658212,-2.7235573087561695,-0.3965599968438893,-0.207184298977403
NFKBIA,0.45079814814875635,0.019145513750425277,-0.5355838301185278,-0.039745590507673,-0.2973646443497703,1.3628944815677313,-0.2731442085330422,-0.9444920012627939,-0.6781539975854025,0.2763755552555288,-0.17774268833424348
PIK3AP1,0.5917875990454967,2.5538236902689504,0.6756510767489999,0.8527066927605985,0.7695852593175347,1.5319828486211498,2.2548579318797595,0.020756788927369686,-0.6548765483689433,2.8054315473944835,1.2401525616436155
RIOK2,-1.262595457338118,1.730598905944876,0.27316617453422243,0.24338230740465028,-0.03300642338373137,0.0912086957056009,1.3060190251803143,0.28964790374257854,-2.2568907057842655,1.6098188518901027,0.2407306873173978
RPL11,0.07243606671400264,-0.8396178493214548,-0.007518408829223453,0.001108775423791257,-0.11227289515869492,0.14456620529283695,0.4427807940675384,-0.040273970070749815,-0.08810381281813787,-1.6809308917659675,0.029227109172156675
RPL26,-0.2638375372915085,-0.9897742669235343,0.0435797242444765,0.0002608048283146027,-0.07209166303385811,-0.0074193123733840355,-1.536978339252687,0.0857671352933471,-0.6083332432808991,-0.7126581410026342,-0.01650024833239438
SOCS2,0.260592134307148,-1.629338019076968,0.01833825871697097,0.22146050066724976,-0.374063672236011,1.500122254850519,-2.954906455270892,0.20383307301826978,-1.0535304203848148,-0.2051940129194429,-0.1710300975326786
SOCS2-AS1,,,,,,,,,,,
SOCS4,-1.9198140703196789,-0.6072204116048661,0.04231350870646071,-0.17757595484509817,-1.0857966813053737,-0.9644165831536416,1.2366761371942534,0.011724949552225333,-2.676298825647266,-1.3005184096382216,0.07157031746493238
SOCS5,-1.8498199480848578,-0.867412466581476,0.008226281113160315,-0.486713676903644,-0.9756227742110551,-1.132634651544141,-1.1295864859641735,-0.11319689516682947,-2.507913422831112,-0.6757194929684088,0.15950252471471504
SOCS6,-1.4823165973380712,-1.1141638913407765,-0.05755920798168344,-0.29899512829087177,-0.9277340499438315,-0.3979441458773345,-1.4550116307013041,-0.08861843159127349,-2.4283952888405933,-0.5526757363759787,-0.021793980763436596
SOCS7,0.27128162086597124,0.8847370864209011,-0.32273937207538106,-0.1298134043658201,-0.03908807903725017,0.4209028229394137,-3.077076105020458,-0.3291609687720654,0.5123738861305014,0.9515908394529065,-0.3224627372207902
STAT3,0.1616069119675872,-0.2039992940497876,-0.27553269132351466,-0.4318412474565849,-0.05629651785634719,0.9044147343453832,-0.5097504023141708,-0.8926804680407698,-0.7360208345503103,0.05507661218792825,0.4058441813080796
STAT4,-0.032776398899002565,2.4431364442726564,0.625375761316255,1.5747499140998593,0.0894389533860015,2.488832420866583,1.9306243693687433,0.6174686018288559,-2.339126140458065,2.9892575054585815,0.6440811801880062
STAT5A,0.11043918791337014,1.6912810621573757,-0.1818365224281265,-0.5939918111298162,0.34282634827606195,0.2981095149119659,2.202514786876157,-1.0556471937328713,0.18857002675619478,1.4532795509157783,0.6365892612109055
STAT5B,-1.4897610133963017,1.1723841399252057,-0.5405332318308887,-1.008654317338996,-0.48861602058631204,-0.6578792733076778,0.4765879654393696,-1.2795256460625135,-2.331499646609488,1.3968246405978997,0.11265608992556475
TRAF2,1.3330215287821148,2.129018746667505,0.22548293162895364,0.8553696651767769,0.2220925347390891,2.691106475989921,4.501581811728292,0.18943161308116677,-0.02810015163497707,0.968754635204534,0.2545269345133312
ZNFX1,0.7195429053974519,2.315828782687917,1.0125695803181873,1.2465043624801686,0.8312212027012783,1.9247507870118434,3.038655119466561,0.7775586064324704,-0.5860885162302316,1.8987121879129831,1.2909045547644147
NOTCH2,-1.0117973862787217,-0.4281248955101095,-0.2428459806480108,-0.48180463174635924,-0.539614958158996,0.21769097555160086,-1.1866792466869827,-0.6354779882171158,-1.9303683094684776,-0.28125315125018263,0.15926898139035145
NT5DC1,-1.777205590734654,0.32832843007633633,0.01706440920520046,-0.009118025663119065,-0.9715873311110761,-0.285627960596393,0.6950826660832374,0.0790257074343873,-2.7849507242882816,0.1415509214479495,-0.06675254796272535
SLC4A1AP,-1.1662913484474422,0.6324792483709697,0.20555775229549925,0.2524024648087822,-0.5580568943534945,0.11012325684185319,2.2605419868474246,0.16612719071137025,-2.178656460023055,-0.12588020457963922,0.24934884599036256
KPNA2,-0.7966999088091037,1.8344301703892474,-0.005181599020547499,0.31472460385467854,-0.3674780176580036,0.3692113093889655,2.850871982844358,-0.032224507748414885,-1.7217380338709614,1.2978023298993118,0.02761653190076977
KPNA3,-1.1438698343985674,-1.2995973250775994,0.24679720625619894,-0.2032224725006869,-0.48873774441143825,-0.5819110306279599,-1.6144833863974761,0.22802363464938882,-1.7422306420947753,-0.7899839423125634,0.2625956226822311
KPNA4,-0.4510206373165457,0.09496641349304472,-0.14736072037385428,-0.007690845148594124,-0.3981520791082279,0.4179921983401754,1.1455879670005757,-0.2312064405382233,-1.2695706308088421,-0.3910790125759523,-0.04413841676961711
KPNA5,-1.4816193652834009,0.7045036781545309,0.003947776821851292,-0.39251893358906365,-0.463811825414659,-0.8401943452588965,-0.2018777458642045,-0.1651507023155814,-2.134709660095867,0.8043066044159034,0.21696266884117407
KPNA6,-0.9529449981291614,-0.7774945731013041,0.1293720214530023,-0.06238484868273409,-0.48699568831797974,-0.40141656166894424,0.09473379135211826,0.053944892622282366,-1.5456520654584174,-1.5703688433450487,0.2196025716985473
TRIM3,0.45455457726407783,-0.6108017006325065,-0.007657820885494367,0.031932190290309866,-0.14393498777190789,0.8415053607883309,-1.415455465581697,-0.071569161114293,0.07729637421911204,-0.24514693827372816,0.06845179934718694
SLC2A10,-0.3257893801878638,-0.4404562501254771,0.22685484884145438,0.21151272949590577,-0.18832829722037658,1.2930481842669057,-1.7408658728259878,0.07308225001867445,-1.3807952910510013,-0.2580279462447887,0.4251929771008813
HLA-C,-0.0970540125266948,0.43146719574357056,0.6909171390305827,0.4116408200725991,0.42001994351454836,1.087723787085588,0.34087329865208843,0.2934448268746937,-1.1413040761020876,0.5044380146784747,1.178442488060639
CXCL12,0.7711555336233131,3.082546059017921,0.8952749875935804,1.0067167123609162,1.3225077863715178,0.88719810848824,1.6109475093605687,0.943744041233545,4.137544935143778,3.6077561642430584,0.7715235341428277
IGF2,-1.551263487293665,1.3068964771739353,1.8440351424900792,-0.7052511186264608,1.7970365904171546,-2.621618380682939,2.033330069230546,0.2353043037129267,-0.4320476156017902,0.9091973379326443,2.721681896505786
IGF2R,-0.478075320275943,0.5216080171414729,-0.3590191171503889,-0.298658310826771,-0.4783826361380655,1.1103190559418792,0.5460122275198186,-0.9395261040312469,-2.1935364734975242,0.46298136961217223,0.16874785606282056
TMPRSS4,-0.4939005163156584,0.9202194416761791,-0.11276489509770464,-0.10515231218557682,-0.12657730552689722,0.06226923813342138,1.6251288755015088,-0.24766273721029144,-1.089736851068031,0.6333902586187489,0.05380732133288226
CRP,0,0,5.987003680797741,inf,5.160975704242635,0,0,inf,0,0,5.785319422937757
HIF1A,-2.19868856939785,1.1133213789680685,-0.15942568404570198,-0.09408435985288721,-1.363707032057526,0.32030430388711895,1.2017179270221878,-0.6611325705862694,-3.847344888794963,1.0434635169366702,0.31965818644694766
LGALS3,-1.2489938026113518,-0.5963621414531899,0.018342313166652705,-0.18776115543728245,-0.6320814917382009,-0.5975530363694193,-0.0063178472117264945,-0.027046103166102703,-1.8970526591663717,-0.8967638930367057,0.07094929450583064
TNFRSF1A,-0.03530385757455615,0.6628232613607106,-0.5199419688952202,-0.42579174122237257,-0.2609976617162833,1.0631120061870176,0.999580750778608,-1.248764406124567,-1.2608304947203122,0.4869638941594822,0.14377652769098478
TNFRSF1B,-1.1967468583563954,-0.05650588510702296,-0.6610298620530649,-1.5074221998564268,-0.3827848083453758,-0.8112522609257901,0.8934860217951819,-1.8266830463377421,-1.3702551739072257,-0.3719899848918935,0.20604212405404398
GAPDH,0.0,0.0,0.0,0.0,0.0,0.0,0.0,0.0,0.0,0.0,0.0
AGER,3.073639874609412,4.4000522327876865,0.022493879433583382,1.7179263772815703,0.37716907556334234,3.9923662184585282,6.957747446820013,-0.3631580233394753,1.5887576254682225,1.8008879697283533,0.40429390622179173
RELA,1.167917442974975,0.7778512451933611,0.1680596580572136,0.26852469736637713,0.5716633678960854,1.381693172518791,0.5208312096621577,-0.2629424678422717,1.2139375199733977,1.0843406692015254,0.6199066536780096
HMGB1,-1.4700509257263423,0.3280490766173309,0.3284289900593905,0.13083199720579328,-0.6527649637089473,-0.3197813483397495,0.5228272596054782,0.30271855813334136,-2.3593696008778635,0.2073699180814765,0.352417201670564
ESR1,-3.1408395978141734,1.0496541926038532,0.6328510137038699,1.3946204979837338,-2.9748544557465775,4.030544949331844,1.661573582430537,0.5342103791289822,-8.034491534302644,0.8495375436044845,0.7510224638923464
ESR2,-1.728809662561739,-1.4072601412761054,-0.13556108763989935,-0.5063582670568488,-0.7828393665222435,-0.5247617341458476,-3.5086547988091024,-0.35390575588161827,-2.615746584677294,-1.1672013918792734,0.16021470972825974
RAN,-0.6909260101584891,-0.39343343277447507,0.3217476228444744,0.3618952464906215,-0.38969901998456885,0.6687000728836209,-0.6160817673107686,0.21734824084587842,-1.7974995303997832,-0.15807537406035396,0.45224610248403657
NLRX1,1.413632194860578,1.1644181657539,-0.09128500102275768,0.2460528245604422,0.4027125740520078,1.1546246381133276,-1.4873258441089299,-0.06905192223161613,3.586659505546941,1.271499542391803,-0.13412820571358683
P2RY6,2.6006703610994926,1.9501714964279513,0.32005963717738406,1.3673224687632504,0.5702197035454917,2.922171413440128,3.2606196281390623,0.2934356178629194,3.214106902256763,1.4923278486317728,0.35737188472733045
PTPN11,-0.6624798820083325,-0.2964437842417825,-0.2147380421811836,-0.19904262187955807,-0.579834108408363,-0.204397748497232,1.3707308032273555,-0.27298628182820056,-1.1868615068209358,-1.201183519745936,-0.14457015683924654
GSK3B,-1.5716028466146765,0.3770104140582547,-0.14258174238917692,-0.3136115962685532,-0.6811106299565169,-0.5190928137993535,0.36853370605391816,-0.3122023160172997,-2.537214228416227,0.35930947736005914,0.05739084619179642
