,"fold-change edad [0,12] - other virus","fold-change edad [13,19] - other virus","fold-change edad [20,99] - other virus",fold-change mujeres - other virus,fold-change hombres - other virus,"fold-change mujeres en edad [0,12] - other virus","fold-change mujeres en edad [20,99] - other virus","fold-change hombres en edad [0,12] - other virus","fold-change hombres en edad [13,19] - other virus","fold-change hombres en edad [20,99] - other virus"
DUOX1,0.139080673484098,-3.1799186582736416,-0.7750817899517399,-1.237280147187231,-0.5099015895931056,0.07087914451679188,-1.3229652168340458,0.7885178263837801,-2.9769092147787775,-0.49933297178714414
ADAR,1.5249109340098537,0.38897155683020296,0.9456807410147489,1.1848425288234834,1.0018499184331036,2.073256175702512,0.5822216142358702,0.8571501729826755,0.6794911367423289,1.2141100222321606
ANXA1,-1.8562377953606417,-0.4450870279038321,-0.647825009866349,-0.6866020668529743,-1.7073429715010149,-0.7677326229942458,-0.7384223770988119,-1.7634037731199639,-0.45403217482412206,-0.5815942272982714
ANXA2,-0.9218220361662853,-0.5296688051572304,-0.6039498314049901,-0.20647196177847693,-1.2390939877822411,0.010282010432409252,-0.627221711985404,-1.2287076310104212,-0.5733135263115627,-0.5548921239635081
BST2,1.403571176428261,1.3353765683229222,1.9678490192284923,1.7753397745459316,1.7672021322752423,1.3684866322898437,1.9668695639331033,1.74013021118493,1.3521617161046415,1.9206315740653648
CREBBP,-0.18256134554358755,-1.4524821545089455,-0.13292552748942021,0.03452988957553481,-0.38554738436365743,0.3969100756818371,-0.12319200331707256,-0.4553655418472477,-1.7490603281900727,-0.15898898980175377
DDX58,2.045133014191788,2.192799362934515,3.049202710166203,3.9706471740832043,1.2314078576673668,4.930901936992474,2.410748532231077,-3.2285253833849543,2.263813801403592,3.462725558788153
DUOX2,2.4295034467938494,1.636458910842593,0.9125452087369756,0.8215249872966547,1.569721738786471,1.4816547400516682,0.7720067354984966,3.5665732896080224,2.0848249405574273,1.0088146475976476
EEF1G,-0.5843393509068209,-1.27717467446722,-0.8058644540872939,-0.9798209583409572,-0.6067116554037228,-1.0040487386247248,-1.0657525331392343,0.3446874616149382,-1.2984739311797797,-0.6545429738827698
FADD,0.4123587992704035,0.6043637353896543,-0.40523637554206227,0.019927924622179027,-0.23513425663633014,0.9801322071566784,-0.6417218700906455,-1.3097098060693322,0.2983743755406968,-0.17645005063473757
GBP1,2.515960512991742,1.667522862090106,3.8124810785305887,3.603515848661751,2.898473502873756,4.515067257145654,2.9088725109495117,-0.3374196127361131,2.7051358010781357,4.3152622775087774
GBP2,0.940673224560702,0.10984740497109038,2.0775318736702872,1.6033911960017244,1.8360093343244903,2.0704255160221807,1.547234254262481,-0.595617948727365,1.6169217101777338,2.53487070949488
GBP6,-0.09348675943785936,0.7178982101065203,-0.19538103018597827,-0.3770584418681925,0.07008927261025251,0.7697775029425269,-1.2592995201499377,-1.943900024298518,0.6252640952003264,0.38892800920423914
IFI35,1.6040592183343898,0.2730932233883264,1.7449296008504007,1.6872007055348874,1.5281045606807617,1.7623184657118025,1.5130362124869812,0.8801626230398912,-0.07772081856059344,1.8892881671215414
IFI44,1.9434047315135021,2.1689826110215997,2.9249354672904886,3.935812689454562,1.1167529452337548,4.9629427385807885,2.4294188672583235,-0.635296220099979,2.3990899502400382,3.1986391532280662
IFI44L,1.9532557258964458,2.6534422811411638,3.5062523555050404,4.369673534300494,1.0077798902378379,4.564446604753711,2.915061803650508,-1.1421768141228503,2.9380532440773144,3.7260530439116293
IFI6,1.9270498891406957,2.5360357059311025,2.8962289669394483,2.7023392072095835,2.4995287763584844,2.68866777813333,2.7578727171090263,1.429025682949702,3.350499644022703,2.9745468431288686
IFIH1,1.9945213558884731,1.749233634404322,3.3250620186564395,3.750995638001768,1.7421565334604447,4.553271035249474,2.608625103019541,-0.5056444172694398,1.979803797432983,3.7388750130061807
IFIT1,3.0835802898236944,2.4979986319466407,3.4044456169836432,4.280403175787023,2.3331851615064996,5.5565571911775065,3.107609464858244,-0.8927667517738697,2.284598406286339,3.619368114446433
IFIT2,3.0061899852909417,2.5614920533305368,4.812941227070768,4.475012143115285,3.9402382204756954,5.128781405288193,4.10538963866556,-2.4393845231558577,3.658250593117499,5.247930905269135
IFIT3,2.7551006779867557,2.9348028572082585,4.117027372657552,4.046591485266663,3.0839472153853342,4.439271876418872,3.5498496770931567,-0.6685031522365746,3.604895829560634,4.592441170459614
IFIT5,1.6996950529344066,1.9023646227782827,2.520119412240179,3.2092198393016003,1.176429614635062,4.0392186409739335,1.9191135458233317,-0.6499110895862246,1.6247413712403709,2.8846969115662953
IFITM1,0.9044847954435858,1.9032021596455286,1.866076415456256,1.3535349281442455,2.1242656461665237,1.4741532657915346,1.4669696075697591,0.2800783636090833,2.828452406402009,2.3805564474435297
IFITM10,-4.650563180479131,-4.51595214268271,0.4063518027579343,0.13725336697890636,-1.0485889775247266,-1.0056256933369794,0.5765692025054584,inf,-3.4066264171707896,0.3332409025907839
IFITM2,1.247697028084399,2.299198213723592,1.1976325671039068,1.9507410013884678,0.5907439899184932,3.031576178515956,0.9771767869314748,-1.3237393612266322,2.912687337645224,1.413730656742758
IFITM3,2.179221490962358,2.277034025400508,2.240006712546604,2.1544890531727874,2.401251558202439,2.943030198350072,2.0238703712309802,-0.5814146081977937,2.447431861964033,2.59171575537296
IFITM5,-0.675806063658245,-0.19949514858912792,0.245471167994789,0.07653300962320624,0.526602814358008,-1.013675702414629,0.3870498968665602,0,inf,0.32987213748517785
IFNA1,inf,0,0.7204368874493012,4.504159350890406,0.3471217700729032,inf,1.4507556573508038,0,0,0.15663544614827452
IFNA2,inf,0,1.7909700618520528,7.876818706269627,2.2766764895693896,inf,inf,0,0,2.0861901656447603
IFNAR1,0.03995974749034518,0.912462470289084,-0.10574932801846201,0.4392495106098796,-0.3664058690222822,1.144624665315924,-0.356179612343599,-0.22683993973809105,0.8147337607840146,0.11220560622070716
IFNAR2,-0.8531012650192885,-1.005887215522475,-0.032225954832612425,0.08410303818333707,-0.848635668427335,0.4246702883274301,-0.6005402692490021,-2.031139518419559,-1.6217034890524227,0.3770033278865949
IFNB1,inf,-0.042994407881470034,2.5799770736634593,6.336205712497118,1.6176444238814063,inf,3.5802562247496423,0,-0.7210663129941075,1.851793523996779
IFNL1,3.2828779308311926,inf,3.443676957581143,3.233672991052438,3.677524706612282,2.945008292074809,3.3571333496845,0,inf,3.4681473343146947
IFNL2,inf,inf,7.0689894762772285,7.188743926939356,8.815391555101282,inf,6.527518968447588,0,inf,8.620732367917675
IRAK1,-0.1996470860463403,-1.9356368229863914,0.4652815931928143,-0.0742204733264975,0.653307993708143,-0.6934373325094413,0.25622851584655293,1.004003267902677,-1.6208914986246643,0.6487191358777928
IRF1,0.48800932253206225,-0.45382345283611325,1.82704975376122,1.1080167424892071,2.1889598053132056,0.45603614988292696,1.3984197231796864,0.43274851400897774,-0.31876093014981743,2.3074138470033865
IRF2,0.2003478426553073,-1.5285685386145946,0.553646088797128,0.4720954471782946,0.22497814103473615,1.179008739160336,0.1847102225471281,-1.2417250248112914,-0.7747992258647535,0.7940327490372218
IRF2BP1,-0.7155112392479017,-2.4534935819772943,-0.44507091345566463,-0.6790179709052179,-0.4371200554202396,-1.1403226512136933,-0.44900124003347075,0.21723955503766337,-2.9211520977420378,-0.34828318240778294
IRF2BP2,-0.2396354171436671,-1.6134749600908076,-0.13541169024157426,-0.09672899821958937,-0.36977760142500377,0.11623844627833776,-0.19652470951019177,-0.21561655889460984,-1.6206203347793289,-0.07619343292814872
IRF2BPL,-0.297969232571518,-0.17653359975029434,-0.36231070075889277,-0.5698747815236281,-0.15372546699582923,-0.045143738756648184,-0.7036684703170899,-1.021581189090492,-0.15862021213428848,-0.09329442793014225
IRF3,-0.5887213555561078,-1.6654866062599674,-0.38772611905453924,-0.6220315184069934,-0.309980231590207,-0.6958312733342095,-0.488595469513224,-0.12285185478286412,-1.9299127932190465,-0.28547787880700065
IRF4,0.8280889195839777,1.6423528814304447,1.7969654414247092,1.3361097156662352,1.6402548775481023,0.6369492094808964,1.694245126061626,1.0134591293916786,1.776498543375831,1.7904718929740044
IRF5,0.5278111083908397,-1.468427197934753,0.37981260868479993,0.2984237956033082,0.2563225478042127,0.593118925720427,0.16639599233242333,0.3163060719752072,-2.0192429081605163,0.5066615406583467
IRF6,-0.1389570865038062,-1.5471521917526483,-1.0199655963707106,-0.9265553514358379,-0.7365577745715194,-0.06178194668284858,-1.3671595356498656,-0.08379877407824576,-0.9848221290415391,-0.7439953189892238
IRF7,1.5726238097147744,-0.40739065306123284,2.430631407373943,2.0444901725117997,2.505010990035853,1.6242530411803593,2.254215433712157,1.131009807647104,-0.7796332274862605,2.5920143993675198
IRF8,1.8153133105177548,1.461930652064637,1.934127325364733,2.09643697975881,1.6828504954208916,1.9654410033682976,1.827760625595626,inf,0.9581395405960447,1.9390443576743475
IRF9,1.0937455024735434,0.05836927313018238,0.8293641935768844,0.7395566706779257,0.9948660499566596,1.445748989852348,0.35204982039500327,0.8134564994723447,0.41773403580031965,1.205072969274051
ISG15,4.088385149391554,3.7170536380604533,4.090628483817146,4.157287292643316,4.005337459332113,4.0538759608042065,4.199196143601585,4.398918373486508,3.616015622173645,3.981475893412175
KPNA1,-0.8819925761794084,0.16015836622317475,-0.5463436708129246,-0.31777241290123537,-0.9387472061287426,0.046753583319420956,-0.9509763332199339,-1.8959552987886787,0.4017774249474888,-0.29842172572627046
KPNB1,0.11242840385821101,1.2568552755066331,0.48062527635982044,0.4515700711058765,0.35267270389633165,0.642418476474217,0.017739227987547648,-1.0010035104716042,1.4728053743644172,0.7713167339582421
MAVS,-0.1272586320231615,-1.0398098176144193,-0.6342183993666681,-0.9474830282167445,-0.2678267085526932,-0.3294777652426873,-1.0054020212050379,0.4839435684254655,-0.8979000193165191,-0.33508147526972
MX1,2.4825775233433536,1.0345801262887777,2.6793349905897106,2.787963729275435,2.365339426611231,3.8600842965767708,2.086843836083055,-0.00578816218645292,0.826438356802904,3.0493915250572976
MX2,1.3465310660808194,0.7004104542154561,1.7758578227577468,1.7048339567902242,1.574229143429196,2.419565858929005,1.2391158927525308,-0.259198875109426,0.3344082657990528,2.2162150960642735
NFKB1,1.0893309071538522,-1.5524441620004774,1.3130495157356887,2.002334237708695,0.4111975934217982,3.003896855960854,1.0633427265716702,-0.5657256561609063,-0.9301331158317133,1.4038111578925772
NFKB2,0.30727851619956764,-0.6374625890590611,0.8772307037724381,0.4345805612635946,1.0307418035333766,-0.22811173265159418,0.6907378776903706,1.2782847729894788,-0.894458099161162,1.065915606259946
NOD2,0.625721518093128,-0.6267391353141475,1.2847334505216372,0.671625679819102,1.4134177682794709,1.5277258663716935,0.39919007372647575,0.14072416075320893,-0.16928022979276006,1.8155716726272007
RIPK2,0.5075337807664501,1.2055648045835592,1.656736238163772,1.7560638365618502,0.7431290546910562,2.5294603365813844,0.9857769568603317,-0.38268728194085494,0.8433931100195838,1.883804754854404
NOS1,0.7948861404778786,0.49329354728327984,0.27411564796381394,0.26264271880063783,0.4344963543051745,0.7073397878119638,0.24272187871630582,inf,-0.024064451448539588,0.30681071045752945
NOS2,-0.4142388663777312,-1.3750592230578165,-0.16978175719906136,-0.2228939949987428,-0.3586704122845659,-0.2335883887876438,-0.02249581517910989,-1.9190767785315996,-1.2832273655202637,-0.3450686394837176
NOS3,-2.051114532428545,-3.6818954610728314,-0.2081866082979179,-0.3369115619182722,-0.9618927095862208,0.022946993384670288,-0.2645680743524581,-2.2234483773802465,-4.247166051498623,-0.09759971000484298
OAS1,3.2797645302454597,2.6251044691751995,1.958992302638055,2.9556938890756803,1.9068743878702716,4.258846138768486,2.1362328663286516,2.555722483398113,3.4478400284238915,1.7267775301960524
OASL,2.893671260727829,3.9867610240106077,3.573801189181446,3.679605459306174,3.1197366157417985,4.186326101691833,3.240515445821718,0.08731196408402905,4.032015170413032,3.771652046877027
PIAS1,0.0037051540724720344,-0.5257446272482483,0.11794098137516053,1.0372289765592708,-0.7582800765540254,2.0815782634703504,0.012711967143727798,-0.9127746965433978,-0.5708105251969642,0.18929633153792305
S100A10,0.09420591586383907,0.23960040213490513,0.08175414208272949,0.14140462806032084,0.046068588178272564,-0.18213761092115277,0.2518740484586903,0.8123466494385249,-0.12022272630545262,0.0042202060191022525
S100A11,0.07135955006417737,-0.07972198686833518,0.016326855471454065,-0.1747798457669299,0.19708116564645084,-0.10091023843277462,-0.0847268981199567,0.6244780999464675,-0.11220751669532153,0.13658897523661445
SOCS3,-1.0887692593713032,-3.294640639464912,0.7345552240451387,-0.06919927155008339,0.9805321560774104,-1.9295812365675564,0.5099327830754922,0.6900796717123955,-2.206527046666532,0.971184833495879
STAT1,0.8193994007347102,1.5327618704693635,1.8404982047582932,1.9310916345858593,0.6692276617566959,1.957387889098653,1.4866985064074858,-0.9289735737054451,2.2387934051845533,2.1531734174747568
STAT2,1.51394920605175,0.385082801542445,1.5706102250578373,1.5686839910394257,1.4316675831379182,2.3173489042937496,1.3334514300372426,1.1434587807580687,0.3671213087213782,1.7778709961961618
TRAF3,0.13699043064932998,-0.8684545155146853,0.5769427842223053,1.0850174311953051,-0.26128547204527974,1.2643733428750197,0.7600878639374327,-0.289336158958093,-1.1071940358948065,0.42639916935511635
TRAF6,0.013408389743565377,-0.12303251717346683,0.14890947643416763,0.3272686131111602,-0.19971264556941373,1.1052919266462922,-0.31592053123742375,-0.6014553984995759,-0.19897835756040141,0.42559484187114194
TRIM16,0.6346962060095132,-0.19408951238754688,-0.06414404152159021,-0.14858347625921273,0.3730507210892707,-0.4569548345703433,-0.06011554508756931,2.189674044664138,-0.5151187429964065,-0.05186296365326795
TRIM16L,-0.9150231926202086,-0.3940753344634394,-0.4819339284664129,-1.467959434178067,-0.10848515961256547,-2.0843394430053004,-1.2368818070541157,0.7395452681222174,-0.9284705356245644,-0.07324332123697022
TRIM17,-0.0524772342916558,-0.6829328143123539,0.22702217440330683,0.24033795904520935,-0.0018368001267026516,0.7299546175615046,0.05718731007469657,-1.9333089055592547,-1.067495076778336,0.22414557405062197
TRIM2,-0.6542777570164693,-1.3374468466934366,-1.1052663000981884,-0.9391465183172395,-1.0510927995036903,-0.12825914319064657,-1.6881270037364442,-0.4129252846709526,-1.5590285817784189,-0.7886533520773814
TRIM21,1.2408914976316305,1.6194969117585891,1.20051522156852,1.0165496075423215,1.3750759511812947,1.6620415878270298,0.9623244723419561,1.0715442861190336,2.4281110228938982,1.3753215418830913
TRIM22,1.0920905538734296,1.2649068853433183,1.7138687218404116,2.151378760922734,0.7803551694685376,3.0746399768690105,1.2642817304978058,-0.6466363267431192,1.6056289085404358,2.068715990024869
TRIM23,0.24478877941579927,-0.6317853047571613,-0.6180835951185737,0.4255765946648058,-0.6383996641162901,1.1162477796866572,-0.6184056280961641,0.25359691467733186,-0.47041460860053863,-0.6236964412800063
TRIM24,-0.4404416872136879,-1.6019952449240522,-0.6313628842939015,-0.3375760040350495,-0.8116094238324668,0.025484652081993468,-0.9779473616391746,-0.15902342304591632,-1.6694593767607213,-0.40713506997658133
TRIM25,0.5065139820908346,-0.36201481146314934,1.2146384464606297,0.6363780149350168,1.5078179862015617,0.5233296564383881,0.7042549390426657,0.4793437457818438,-0.5175722756936764,1.7184609262938813
TRIM26,0.9725068876104499,-0.6384591439925502,0.20606106818695027,0.2894873857566471,0.32398634719971553,0.756257525394434,0.19738504041644148,1.426540796597643,-0.9715307005658278,0.2555478767083698
TRIM28,-0.07734397736365983,-0.6038296189404749,-0.26735982374668044,-0.24557894815960565,-0.2758538503844343,-0.34544433873850605,-0.08354925354622413,0.6368999231124112,-0.5228465713287104,-0.3679416570760541
TRIM29,-0.7451677775189282,-1.9940338033300762,-0.9314935637769843,-1.3121990346943684,-0.7484767091504363,-1.2697310474247827,-1.2004331970300068,0.40969737801147454,-1.9094800842451092,-0.7816232771360047
USP18,3.4622676399053196,1.15454735973436,2.3405097106271873,3.4485867601746705,1.9098524500917227,4.377789538939266,2.1650119205331144,-1.8238827707448,0.9608103901021013,2.3726849579333713
BCL2L11,-0.5534841680945163,-2.26487503428275,-0.4437919643769284,-0.5016805651832962,-0.7148831570267197,0.05794615733889117,-0.5366491367572191,-0.5667474360898578,-1.6144298090234486,-0.431201617825268
BID,0.16473876822797015,0.7089615052032098,0.3143427252124427,0.5649361717623536,0.02473542091049086,0.1791056342562142,0.5979490591101889,0.4125021468889164,0.22731719917287357,0.06363179117576181
CASP1,0.7455139161962905,4.278893697045158,1.7541755072307375,2.2504918219143115,0.7298700310070849,3.1663608191526764,1.3292381669045297,-1.2307892690046436,4.030531704413826,2.1333177530396115
CASP3,-0.25578344175586315,1.666255011225302,-0.012442063818924043,1.5912960458492518,-0.9765721336737949,2.246737982150977,-0.06313827484564122,-0.48258597583534596,2.163544152163854,0.13887710860741737
CASP4,0.9017714414335156,0.41615437981101566,1.0993348753066956,1.287972859526357,0.7474409363197819,1.9856095470516164,0.6334740882624584,-0.34603536317977374,0.6467296783105109,1.4726741729833766
CASP7,0.725424319052402,-0.5885389685765297,-0.4070241355474737,-0.014918042778202523,-0.16314382498887625,0.7234746176915503,-0.6836156420022769,1.0193036716564832,-0.7555851010387026,-0.2849171138734685
FAS,0.4392155906575163,-0.11162495664763841,1.014783583841908,1.701692219395129,-0.08468885246745356,2.5331577848405975,0.5037041952238112,-1.4249048109527742,-0.48042773868831257,1.287953164223047
GADD45B,0.09601335462982932,-1.3767988296322653,1.1605914968979634,0.7658386194581123,1.176731467388893,-0.9169815281780481,1.2541009807529007,1.7077142312373368,-0.9927616818130061,1.1208310030213806
ARL6IP1,-0.23368138925197995,-0.05457680056418469,-0.1525721280167677,0.5836913277201368,-0.8518966446911433,0.9718037707558544,-0.12076569583500005,-0.6758014073659729,0.021156540467597323,-0.1465057957748941
CFLAR,0.8972957659356451,-0.5425991739280942,0.9074097118183228,0.8028251445345134,0.8485628465218615,1.3617982411545877,0.6243397814033743,0.7643339598034693,-0.1986718809105779,1.0418842880290191
ACER3,0.05146047179124533,-1.8308495161894884,0.19018122404896667,1.0460496039610476,-0.9524731330143549,1.4923546556340668,0.13304871037133384,-1.9968447468702353,-1.925113272166589,0.21877994601772824
CASP10,0.3156365772019707,0.7627231320787393,0.974498353317848,0.9415740173564411,0.616973606919113,1.681231245064652,0.5209410694614155,-0.9071966902193945,0.4000120333282293,1.3372168725914861
CASP8,0.06584923019344997,0.28413275623672735,0.10979424590827917,0.35693833076082443,-0.15365617821942198,0.9792499223653036,-0.09362849336604326,-0.3115379616380596,0.39667461145356886,0.2787506411612457
APLP2,-0.37281523985638226,-1.68047129717579,-0.452301600409731,-0.45596847835767,-0.522603320795838,-0.021503692811455633,-0.5638813288769604,-0.20042706340594674,-1.7778207152035874,-0.3977772041084933
CALM1,0.1871173160899226,-0.3236300450776153,-0.871274032908469,-0.08820177077445251,-0.7578188801982513,0.8091764232492893,-1.08692778043335,-0.24378740497807955,-0.16812829266418844,-0.7732873797352096
CFB,1.6103135468162748,0.8379839392654791,1.0168441481781256,1.2324304718877894,1.130739726741366,1.6617466590808918,0.9395096646080184,1.9846632759262683,1.1055849760925283,1.0249028878551838
DDX5,-0.25718551442945414,-1.5005808928849367,-0.21753526992038247,-0.16538745217309408,-0.4422932946311476,0.5539496487588951,-0.3669746766488484,-0.7294108455716036,-1.3287996571043337,-0.06761651640381493
EDN1,2.469589749951225,-2.125185769481289,1.382316244857046,2.8444689853425635,0.27621595419818173,4.1366363979821035,2.128522173223,0.43368979386108664,-1.300739906455349,0.699842043414802
ENO1,0.48989323650967037,-0.41954155326445863,0.13053121710839322,0.1272538602786274,0.2576194621819159,0.6219348884755965,-0.14885979333063346,-0.34328575905561876,-0.5070163252514768,0.335570126553187
F2,inf,2.1211492374804277,0.7155388430653289,0.5836577497397845,1.1164479198528428,inf,0.7345139452508453,0,3.1563544569478155,0.8821785963889216
FLNB,0.3537076586920819,0.9626165627869416,-0.5625426767299917,-0.232706799192025,-0.10723022238329108,0.6871700961521078,-0.8590868539744,-0.7525794422361975,1.0485367135336865,-0.22667256018813492
FN1,-1.4450471637311941,-2.457595542946279,-0.8483346788394759,-1.4326671699064033,-1.119169496054016,-1.8647634581352963,-0.9509681848534639,-0.6002978789537897,-2.1247663937500496,-0.9048923934211236
GJA1,0.3972276731473191,-1.8225381119958959,-1.4040747858117506,-0.24011392969102724,-0.9579677434805621,0.7215497039968144,-2.364471549541942,-0.996073156424404,-0.9396737649395459,-0.7466349627771043
ITGAM,0.5252901291279946,-2.635084513232596,0.4699482272416507,0.2673163940029028,0.5781934200889717,0.160799095448134,0.4070718398318833,1.3357266363112854,-2.843256015896837,0.5287206259691573
LDHA,0.6267052685133999,1.1386316463660646,0.2837304426930033,0.542304966327283,0.3893785789737503,0.7883533357531256,0.16956915924453783,0.5596191867706716,1.3216902761167812,0.36050024354241783
NLRP6,-0.24864979421678723,-3.353697487212246,0.5119807242550887,-0.10183677836909208,1.092175018934658,-1.7542932417866444,0.2797315525450564,4.050751694128072,-3.384742158401709,0.8602690874063847
PLAT,0.8646255491937251,0.33878505732763897,-0.039276219782532824,0.8581349919495819,-0.2696381657205389,0.5440544423392832,1.067513604058792,1.6494067220714532,0.31946107132367196,-0.9889985826443496
PLAU,1.6967017465659908,-2.117444819447018,2.021388597441819,1.6929629583388133,2.016983720569261,1.2910924456735917,1.8168409974327544,2.600674164689032,-2.2299942406634634,2.0808699658975454
PLG,0.20957433471202389,-1.0468532086335698,-0.1327619114918405,-0.5946500562523687,0.21280471811897111,-1.1446334734642032,-0.29971647461932516,1.8275696252746934,-1.1245237932975949,0.02485535380754994
PRSS1,1.5075707922998827,-1.05165017624122,0.47423808252472704,1.7633441881350773,-0.09843473982625818,5.549304854661905,0.09225185108484231,inf,-1.7297220813538576,0.9461742978564105
SERPINA1,1.7381268640943472,-0.601002594074671,0.932934170952777,1.113105541429521,1.1411708696186675,1.6440348430244582,0.8882690215480641,1.9297648559777356,-0.18624885983474573,1.0149072100323107
SERPINA5,inf,0,-2.2469096355157854,-2.0137084722668614,-1.7708149089902103,inf,-1.7509130290446027,0,0,-1.9613012329148392
SERPINB2,-0.3488578705212449,0.31221624092475647,-0.3873591241057564,0.5966343028212615,-0.9995392303725219,0.15524406910788943,0.7522680018914287,-0.054551242978516,-0.27596964501221954,-1.3512253589478935
SERPINB8,-0.7341014656501755,-0.32303577212759005,0.050654980379185956,0.4880364301403436,-0.9301575783955758,0.4978560609252963,0.18377661066687812,-2.2022666385299767,-0.4569046052492288,-0.12234523020377322
SERPIND1,1.4894958167798282,3.694737104130821,-0.5238251648194359,-0.08760549109877809,0.48201934334944513,1.473506230901659,-0.16884974827840657,2.102501132027476,3.122604750703681,-0.8015327260313447
SERPINE1,0.3431684164700167,0.11120175042160683,-0.2547286615448807,0.09123738908087244,-0.19646262169659573,0.7044836238965216,-0.6640833790203292,-1.008640282465327,0.006322743825545769,-0.08192585733510512
SERPINE2,-2.7499679076323744,-1.5424690621926818,-0.18488986664196078,-0.8775387875893124,-0.9756625417995036,-1.5963426415801905,-0.509817143338917,inf,-1.3161405264947172,0.23554557010169513
SERPINF2,-0.316984431084322,-1.8589759874576612,-0.23712730313312258,-0.33173149011322883,-0.20687899690357922,-0.38576146323906696,-0.2868112964485069,inf,-2.0167133379859523,-0.25567957252354645
SERPING1,1.669411634499918,2.3906332907887733,2.810732386876857,2.529063654005516,2.238388682530555,2.4997889746120934,2.622158354909982,0.9882171526786954,3.9454166075132306,3.013037343480488
SIK2,-0.04674741677230994,-0.9893551657666366,-0.6935495203328348,-0.7208576940506025,-0.47879825128228587,0.27175796087003967,-1.2837288938491327,-0.059087559507190045,-1.4005059445473427,-0.2683027891794059
SOD1,-0.4359172962575553,-0.8380045638547695,-1.02706416351221,-0.6080335786500538,-1.0228046105692474,-0.048291517207009665,-1.5454756342853258,-2.64044900732917,-0.8918175391499196,-0.7630980981791176
SOD2,1.6380083973842654,0.36755401185801845,1.6266296988920397,1.9428531922335772,1.3129182675769135,2.7549882524026734,1.2464229751160527,0.4647205420442696,0.7103669006946091,1.8719124556107007
SOD2,-0.5925010641377201,0.41119407851889567,1.6820566218522797,1.4573934446459438,1.4067961159338482,-1.5271349904562932,2.2087660024357154,1.8940697710044523,0.12588149226838108,1.2734293359520343
SOD3,inf,inf,-2.0641534787413662,-2.7726278849055896,-1.2070088926849143,inf,-2.2861455758005196,0,inf,-1.353280947499166
SRC,1.8719274127783858,0.485039509710274,0.6185840687379361,0.7988623958921525,0.8579547204702658,1.0976436542193568,0.8685409634098743,2.9105816682997228,0.3439105004624921,0.40520848673384924
VEGFA,,,,,,,,,,
VEGFB,-0.03187370797372409,-1.563410971030462,-0.16354809529999328,-0.20360538352019425,-0.2663209085149648,-0.47010949039528344,0.11634339851899003,0.930718389747371,-1.3438830338445107,-0.37179370043535215
VEGFC,-3.89970855627463,-4.951735934296609,-1.2647033639649896,-2.0086081522206998,-2.826343730664947,-2.408892351645174,-1.9770976765191608,inf,-5.342297193318007,-0.39102949543541754
RUNX1,-0.5899096044600719,-1.3219834889907147,-0.07526511781923585,-0.20931756559630224,-0.4274706129802255,-0.24042698013454825,-0.13733854964017253,-0.25036869016862645,-1.7200410602842393,-0.04393600517462595
SLC22A4,0.5111134683831976,-2.4944902341580506,-0.7397977418459253,-0.6867458070455744,-0.47242415166825324,1.0462342706892762,-1.2714693488840423,-1.2714526919789035,-2.324926556449334,-0.33920046085907335
SLC2A1,-2.443774792204938,-3.4220101913781273,-0.4907039109758895,-1.4300195329896874,-0.8179666408813727,-1.8668210440366018,-1.157070043236401,-2.864374633193862,-3.357270407058962,-0.0942803151164323
SLC2A4,-0.02795135882487475,-3.111693502349054,-0.45324367902797186,-0.9960923035761033,0.056168992502570146,-0.8790144101554633,-0.9430906980939867,1.3662056432715874,-3.4322712768916954,-0.04707439575298795
SLC4A2,0.8506121548764923,-1.5179473460767785,-0.2959403656953801,-0.4271193273628407,0.006948485540719814,-0.33249553804482274,-0.279450243494962,2.1453953331212783,-1.8536913849522088,-0.3155227162030134
SLC6A14,-0.3980948712093284,0.027349693485125164,0.2486359866163038,1.1250377441923425,-1.0654902897785299,1.5990363865633854,0.43116596547888814,-1.4794741687495698,0.23583085595126027,0.10904284479530862
MAPK12,-1.1970166478001731,-3.716296192253471,-0.1816347570694421,-0.400477342821906,-0.3892751838486088,-0.8410249694561794,-0.187590942993436,-0.9109767493514226,-4.288266256113805,-0.11950045972073894
PCSK9,-3.066406023055243,inf,-0.848068304497384,-1.3408010723782384,-1.1278369763537404,-2.656343127733427,-1.000438231593001,inf,inf,-0.6811142395215453
SLC4A11,0.5169131306366307,-2.6855042200714223,-0.38599563302868994,-0.9383273072424932,-0.140492032104159,0.023192856943988788,-0.6092342275041476,1.5001831371457879,-1.9489115071583452,-0.18479434322981453
ESRRA,0.03507225538722026,-1.810237332235637,-0.26180400399707254,-0.5925556955425827,-0.04185064236483359,-0.39747917955029954,-0.5172809771982535,1.1055235134658485,-2.2765149049833013,-0.0716977339859789
EEF1A1,-0.7504042278970607,-0.8895894640984512,-0.8046401720810782,-0.8353358055168016,-0.7798162117443729,-0.8394414174704727,-0.9585135314725317,-0.45009525441321946,-0.7898371614647284,-0.6918954057469426
BDKRB1,0.9657660225273703,-2.2152883061930098,-0.21153278759988137,-0.6599791128618642,0.31658035801373385,0.6553328578099092,-0.8264131346336947,inf,-2.5664871288984594,0.22318723791906767
BDKRB2,-1.4223287498524035,-2.3786610701272752,-0.6992053346614596,-1.244226886778745,-0.6972471119419923,-2.436569593457605,-0.8062210903475882,0.15095067907033208,-2.906176439331651,-0.6121663813844331
BATF2,0.3617085182171172,1.7579474547529637,3.602494514955611,2.3552457600852277,3.5109138727216904,0.42309711972145814,3.2844352518460624,inf,2.948200902040055,3.635463108215423
ZFP36L1,-0.3968345137667474,0.20181520103873968,0.110026872025993,0.023183654692692863,-0.16060250816092772,0.5688115685879318,-0.2980528300294787,-0.7107625540986139,0.29743519481308955,0.4425858607530306
MAPK13,-0.43607814225556474,-2.1659226657480337,0.3376957733408725,0.057665050716323656,0.43292187635609686,-0.9763947394033464,0.3770561847803591,0.7103586871824792,-2.4484358925194902,0.4067043239726588
S100A14,-0.565409428567147,1.204323108356987,-0.16936342377074678,-0.097966254944591,-0.28663359024917245,-0.6020222091582891,0.11717658498326508,-0.18127125957092144,1.0440312846290085,-0.3592223448079592
FGF2,-1.5981168872189269,inf,-0.7764111460243585,-1.2917880148349303,-1.4916075156374202,-1.4060890798523793,-0.49921902832702564,inf,inf,-1.0070814769420708
CTSB,0.4234597536204355,0.5562079560218135,0.4167512322113144,0.40209474971078174,0.4068097675688944,0.49779014275230044,0.4486288788475285,0.8255413819694829,0.57724256281199,0.4206300676301836
COL5A1,-2.5084623093760885,-1.9613354113943633,0.9425817781786141,0.03552073616072562,1.1135982151132495,-2.8109081757275747,0.9704063374076887,inf,inf,0.923462027443195
COL5A2,-2.084163997938266,-2.4819346967196245,-1.7165356731699861,-2.368642939531588,-1.46476150402309,-1.6143203596455222,-3.6926047185106747,inf,-2.8044004131770786,-0.9809096887675692
MAPK3,-0.39075655056302616,-2.328590471254523,-0.2305328182618924,-0.7690788117222751,-0.10815938612306636,-1.1881523850832258,-0.3967072549849485,0.8154563147653567,-1.9535862103706998,-0.06852501034422608
NLRP12,0.7823905217228067,-1.9535352512606494,-0.029439784157590406,-0.4069047527891723,0.3656197176061405,-0.14787502426509738,-0.3330191278291827,2.147427583766739,-2.457910113026855,0.14600320366061756
NLRP3,0.9763330179158357,-1.3136919493237689,1.04961974314252,0.7367226190514792,1.1106121713271382,1.0889598658322686,0.7948521610790324,1.3662792197502618,-0.6801100701054252,1.0927953551850478
KNG1,-5.183174246348434,inf,-0.13218110416275294,-0.29483091049546634,-1.9093474712093113,-3.2495363003509325,0.32241776590265675,inf,inf,-0.4299880543351093
SOCS1,2.4794644383126827,1.0836402590927787,2.6902114134061343,2.698493280156392,2.550401609293083,2.7937809846420762,2.7980971949705005,1.569715290689578,0.8053546748117328,2.5559711771914553
COL4A1,-1.7252183687596736,-0.369532637724835,-0.6387649704589659,-1.4950172999577531,0.009556834325961059,-2.0376676963850278,-1.3027469493401425,inf,0.6169428372403253,-0.1703528603836026
COL4A2,-1.7434344734648284,-0.6816728082729427,1.223946347867932,0.5971012174207305,0.5207872891256673,-1.4894648336995813,1.3834041371818329,-2.600853399671327,-1.0881021266615858,1.266055494679393
SERPINB9,1.2380851730165616,1.6876626247405302,2.1128589767050276,2.4639120768943465,1.1290679409837125,2.6341760779393146,2.1494721166707307,0.049399275975559126,2.2788733680687314,2.046036314019101
C3,1.0566603502193614,0.6091107845854986,0.7982744133285749,1.0445085252716397,0.6806855608970006,1.3942478837294847,0.8828028629519424,0.9731947111452016,0.5966695630406914,0.7388470009685885
CSF1,2.749654369264591,-0.22113005271997718,1.7676139498190029,2.5288450251177985,1.5787692587172244,3.412493790379852,2.1234712702896483,2.3009429452930417,0.957812168229649,1.5642530238910992
CSF1R,1.8956894488137384,3.021663156403349,0.6205692034723278,1.313610090986424,0.9014794030922278,1.9205145248394762,0.9019831748921227,1.2319696726823848,2.4996120735846277,0.4040988895355098
CSF2,1.141574085084646,3.0501659112724147,1.2772403787121094,0.2948025259208642,1.8891103391445294,0.8037044463282623,-0.24787416013462402,0,3.88604371526294,1.623233911732022
CSF2RA,-0.12268146940190493,0.4138610198094201,0.475947679513559,0.7703187952777596,-0.06561273267080607,1.2751181090243495,0.5696665334539791,-0.8119985621356227,0.04162413287954721,0.34339181476305314
CSF2RB,0.8159376483498788,-0.12102289139669882,1.6005571210039682,1.0776273697016268,1.8101815096509977,1.2854280287735875,1.090064200478173,-0.14032106588163812,-0.3077656173182132,1.9802911762974817
GATA3,-0.250116149136565,-1.2058626257462153,0.46057933980134863,-0.14889952540311982,0.6445114794710446,-0.6170639249177083,0.04015266016647201,0.8051709662948185,-1.34387530330956,0.6116464800641204
IL17A,2.277986239385463,-1.4260211383787562,0.16073252588299003,1.2653187620386277,0.7523706151247104,1.9401166006290789,-1.2650846665359032,0,-1.653257336283997,1.112066926921976
IL18,-0.8302655997395573,0.4164714888940426,0.15106109634470746,0.37204228939413736,-0.8662325758440956,0.09006069567977892,0.5266897510899753,-0.6851401477703616,0.7040583543779588,-0.10295601673558184
IL18BP,1.7924652925002085,1.459211984070979,1.0392155381491968,1.1261181486919019,1.308865001225926,1.4540721743386387,1.0471634124220341,2.5854051865347127,1.3557288155600442,1.0936776224396352
IL18R1,1.6042094859282423,-0.995890264461467,0.6540239922520725,1.970824829515718,0.09649016825355004,2.0903074578016367,1.8278931658664692,1.733210931145141,-1.0383963058353327,-0.5431914734946486
IL1B,1.9894876025017294,-0.7902021727497465,2.459864276006608,1.5767486222814284,2.6779957255488243,2.269171223242027,0.966649101089185,1.5585418560913056,-0.7116942414419425,2.8453922168415766
IL1RN,2.6113614406020558,1.0120526505349337,2.820440230345828,2.2491524633972926,2.9789751316641224,2.6667970420838616,1.9865384607601149,2.962319831120025,1.4193100728912202,3.1539427117832646
IL32,1.7546608426612629,-0.513934450582072,1.147263933952225,0.8693323386408002,1.4447677998939519,1.0519329909247117,1.1747493323667175,4.5594609807095345,0.843435674951767,1.1964985469978562
IL6,1.6362354878151124,-1.4130225819627664,2.1944414392282874,2.642922765895515,1.008576612777238,2.915648243037629,3.0478475761467743,0.6116633979305199,-0.8375825395078605,1.6625484793246441
IL6R,-0.7265995675145489,-2.09152216215246,0.36654633110793644,0.0370056103504993,0.075592152778647,-0.22553036409863186,0.22000469473629997,-0.4354644922849816,-2.4157304013526533,0.4742477914960343
IL7,-0.6564809855750577,-0.10551677680849275,-0.01620200895433584,-0.0944583252753638,-0.481935261730391,-0.17978213799863896,-0.718977826052277,-2.0844116638222494,-0.5684627571884292,0.20533175494439643
ITGB2,0.07381268750732199,-0.28562334670049105,0.5369382640486958,0.0322928823742699,0.8184474572916759,-0.5807043271057624,0.3020443503652967,1.3695635014634058,0.24067333033621924,0.7026171963638991
STAT6,-0.5683689939228791,-1.450706070483544,-0.20818469160556066,-0.6553856300683839,-0.09037151622270978,-0.6583267393545102,-0.4502249910740579,-0.07080604182293225,-0.9229866837799058,-0.036451312199136
TGFB1,1.584154522846035,-1.7942263526875242,0.9737590544648975,0.966655255376362,1.1390663915576362,0.22111182811326496,1.2545039175571655,3.2026956561914433,-2.0343723396068,0.8201461149033408
TGFB2,-2.270977623397967,-3.086902855243588,-0.7052802087622868,-1.0634842507279039,-1.4178989008230483,-1.1457469431838456,-0.9502451926939955,-2.861006625381146,-3.214258771169621,-0.5004792116264613
TGFBI,0.15670572619991374,0.8429232357637161,0.9369122144629192,1.028247498132227,0.38460294335832773,0.35870642673643643,1.3400134186858548,-0.39170608493918707,0.5055615857884627,0.6393165596059269
TGFBR1,-0.6363047361919177,0.6516461409037464,-0.10598854313347698,0.19985694763519407,-0.8411385343994054,0.023960221553492072,-0.2916695335272214,-1.7404013922603656,0.5513750771555894,-0.06004075006600981
TGFBR2,-0.7262681909798506,-2.479072635483215,-0.06729809390914736,-0.4592110286045051,-0.5269125044846263,-0.29038549999690233,-0.3791238238312776,-1.493421923612879,-0.5903241081244215,0.14317150698281841
TNF,2.84873504708966,1.2905946384811302,2.906862631779002,2.1938053396878807,3.1748098386353183,2.7609115251236696,1.8682479857594985,3.300219093987844,1.6951527880498092,3.1670152788147994
TNFAIP1,1.0448665241467396,-2.2862645242015085,-0.12833376736622015,-0.17813026131312912,0.21222475373397504,-0.3511673231161791,0.017671250931757917,2.523976756671315,-2.5122692378046403,-0.19758223653168266
TNFAIP2,0.8928780549746688,-0.7848492553250422,2.034539380867783,1.0700802782000214,2.239390797027787,0.7275023036917622,1.4013052006550015,1.3655856126212378,0.03834362626279705,2.266056772271911
TNFAIP3,2.149965019884291,-0.5523188736244626,1.6338687655820576,1.8219882849370854,1.6060625413490808,2.2900004344623097,1.3197948883371082,2.2558754744800344,-0.5578419148678396,1.6949528826932687
TNFRSF10B,0.2909852407621991,-2.2061574126939103,0.1684342889581536,-0.11992044538802202,0.426707588916522,0.5621596005841185,-0.35916552912054905,-3.50903711428073,-2.5239693128659906,0.5138872348767135
TNFRSF10C,-0.23178335084235893,-2.0829728596734185,0.31441572727447675,-0.44243682624506186,0.7995492103051434,-0.39627824116692545,-0.36075870845031266,0.19338513173217395,-2.2162905749297854,0.8361824611160098
TNFRSF10D,1.5242951667953721,-0.30521605427551196,0.8687813276816659,0.6360794229463795,1.304929923821046,1.7199853464489252,0.1409248497890383,0.020748052729470348,-0.6991525039705162,1.3558466103808835
TNFSF10,1.7741744937688029,1.5258783922750394,1.7770674100727302,2.387674566972466,1.1439264876496011,2.8146782066306657,1.2828778033216552,-0.4198805714492222,1.756206699845352,2.0420329001751503
TNFSF14,0.8366747473103938,-0.7075675182960413,1.0680001317392023,1.3288714494812763,0.6837707370618412,1.3860370098267392,1.2204501176039038,0.3107599265636704,-1.0382303234858723,1.0254685364520393
TNS4,-0.5109383764155933,-2.5450611812103605,-0.9570515574887817,-1.5801565918165041,-0.6407586793850177,-1.1336855216394357,-1.473132327359273,1.1780374813326404,-2.1282398555669997,-0.7493321734245689
SERPINB1,0.7683874777783621,0.04151894015235243,0.7745145355196552,0.5101468218264763,1.0196939463016,0.8958195245153572,0.3429630658016973,0.8443555866427211,0.10368138222982055,1.2090633606450498
MSN,-0.1652234264344907,-0.18393467896647098,0.5694286712081708,0.34836787301798666,0.459728102672197,0.5076822513746652,0.35429492551161174,-1.5026812567899732,0.05541626917345609,0.7885227276456912
TRIM27,-0.15110713067023626,-0.39245568927386215,-0.607891786955411,-0.4518120344285509,-0.5359240998908298,0.7637591583846416,-0.98466795442215,-1.402263895805112,0.6842917491316176,-0.4299606786781322
BST1,0.7728479539541502,-2.7667858515912083,0.44325895651432734,0.15861102701552826,0.7392078482422618,0.48025254458211813,-0.10144611979242966,1.5292709704499745,-3.139218621722502,0.8545951509243391
ENOSF1,-0.4039092733262732,-2.3725075324481715,-1.127193131440356,-0.791778329585776,-1.1922760701568167,0.2849369487492506,-1.8510057823336854,-1.969402409879541,-2.838157736786887,-0.8062140740596524
ARHGEF26,-0.34119020912077547,-1.4165788727035258,-0.37457569151907033,-0.555221412930196,-0.3789620524721705,-0.2772622026619327,-0.8856298290857529,0.09665053329983822,-1.8685736790195235,-0.12469209475171251
CDH3,-1.4458312313147401,-1.8670987870282283,-0.5199347557069003,-0.7534228384246388,-0.7834234477028029,-0.4656669427612403,-0.7150752091542488,-4.428104890975238,-0.7930671590135863,-0.42570971178567335
CD44,0.8020586061134893,0.20330231805319243,0.8317111788469638,1.3933397175590443,0.3092744614833618,2.2940602742862066,0.4719429354224356,-0.4132766696779424,0.17678575232181334,1.0726951483741665
ITGA3,-1.5850798802913697,-2.5308479077707813,-0.684724344196543,-1.5231708263361223,-0.4332427872645242,-1.8615901510229675,-1.3533051841383714,-1.1827182537160414,-2.67085928532789,-0.37306919659289994
ITGAL,0.40442439497253485,-2.075898814820478,0.7134365895319871,0.20420897219986822,0.7345972372168503,0.08322695401820479,0.6108346798675796,1.139171547211618,-0.9901536004366663,0.8218794965204991
RHOG,0.40847651668390866,-0.5636084108911875,0.5693423192264925,0.23428969799954083,0.833939863061557,-0.027540040625563207,0.4235733561948999,1.3886943038627848,-0.5028170785263045,0.7536806637415183
DNM1L,-0.22956569811609057,-0.5434027778226747,-0.32475025900115473,0.4137528957609536,-0.9659434032640484,0.9350444038708926,-0.7027959176031672,-1.7629547868303397,-0.7221569495781925,-0.08989043777129882
RIPK1,0.8986296026616484,0.10836487601474008,0.4499384557850621,0.6353646941067107,0.5383243519209496,1.096118589703094,0.199546445470935,1.2251054062507163,0.29327013829013565,0.6068804802447247
IKBKG,-0.38131339692584787,-3.361425093513764,0.19731486259315337,-0.28145464187661046,-0.024744898565368115,0.36581071943011356,0.3004146761644306,inf,-0.6550995540725911,0.2175036712261516
PNRC1,0.6461771443804263,-0.031897634500316255,0.7162939047789948,1.1673909946274024,0.1883957327859773,1.6733792464378006,0.6617506587192209,-0.24583614676229876,0.18046059011742677,0.801813243318988
HLA-DQA2,0.7937598214743767,-3.3536727059957534,0.7410780171082493,0.8932846181305436,0.17200336081638093,1.2065609356000606,0.9958894057893964,-1.7949286144279133,-2.694300369372632,0.5457573331428714
HHLA2,-1.6269930558820414,-2.8136158564571048,-1.5044409962794805,-2.7001178013849145,-1.2644884017837448,-1.7997833696718857,-3.118240950313044,-0.9085328853196767,-2.569016459272748,-0.9080256737610094
HLA-A,1.0351854895771668,0.33669976678335495,1.0799433795082687,0.6857164118667574,1.366336490701808,1.2165194400694839,0.6318757769190804,0.9405980246377496,0.5559169313514619,1.4233446523749949
HLA-B,1.3449991563493553,-1.247750128923014,0.9715184845956142,0.7408871571221854,1.240759411415899,1.504436014422075,0.7185787674815566,1.2125220707014408,-0.6247876489662435,1.3429100513738519
HLA-DOB,3.445536151216194,-3.0831599478437868,2.287823033780921,2.64298677049842,1.8042496014731912,3.0948249964473447,1.9682886796957295,4.2982395110239775,-3.7213202083141215,2.4778096854764033
HLA-DRB1,-0.306523502771191,0.9611497070955158,0.7469840209743195,0.33770711397704223,0.7687423931219193,-0.2057962926718441,0.6038879020311458,-0.5523899884822694,1.050235225520512,0.90574960388406
HLA-E,0.9037661339021059,-0.10785743406771617,1.1017637934787203,0.5757297639790181,1.5284168202004424,0.26704891672516745,0.7933355534039754,2.276388352158305,0.10789053741177242,1.4421209295963353
HLA-F,1.0623324910803118,-0.15969375539586897,1.3630551115207705,1.1648527155844874,1.239865748119066,1.6288966580027655,0.8505717357438927,0.7833042717051196,-0.020260200148604295,1.5935834601890235
HLA-F-AS1,,,,,,,,,,
HLA-G,2.9099754163768514,-2.8480072899069646,1.136119601285842,1.3027054139735188,1.323430399286858,3.4700188239742547,1.1268706516628197,2.540925724186407,-3.1830079506538476,1.4252148551818453
HLA-H,,,,,,,,,,
HLA-J,,,,,,,,,,
HLA-L,,,,,,,,,,
IFI30,0.5075156078322216,1.716358622378452,1.7415693450762844,1.5621644100178231,1.5426271011083654,0.4965193570924097,1.987080985959765,0.5891447993301989,2.2433846882386654,1.6455090817784572
FGFR1,-2.212108612505929,-5.341267372803989,-0.4906550873916652,-1.8504935963634304,-1.1332625502961804,-1.4579901569063138,-1.3709899147498834,inf,-3.8257110718341023,0.03059107535208455
FGFR2,-0.1489163045599577,-1.831564701299786,-0.7995615587809713,-0.4504113854065829,-0.7130542567383387,0.7257131536543955,-1.4583680144654392,-0.004120150006252349,-1.0670131108834031,-0.5077129602589384
FOS,-0.938127486656209,-3.332911871437454,0.06263887107769707,-0.44909280192563544,0.22253392898023375,-1.214895833190434,-0.10990192954725769,-0.23982495602508952,-3.1273799955141515,0.32757730129842594
ICAM1,1.3871990183079292,-0.5360154682868661,2.233680231196631,1.378215245513464,2.4148755597006017,0.6572197425975714,1.6787497796795623,2.5393049155915506,-0.46293130443221625,2.3941603288896536
JUN,-1.713736226999241,-3.3389246291913603,-0.13778357097598012,-0.7124632935918307,-0.3177845376625436,-2.1020978710603533,-0.08404169218686047,-0.84309837028547,-2.8247541175572057,-0.08120212568959201
JUNB,0.31449624961495903,-2.149437073942198,0.5617832506916379,0.1809782174028308,0.8353808240655699,-0.809955159782139,0.513012433628677,2.084671101588548,-2.184807069849886,0.7470662701337013
JUND,0.6975477410157163,-1.6534406364056413,0.24598614850990558,0.31886169048345697,0.23156939840393714,0.11398256305886995,0.4837418201603671,1.9818465555874238,-1.9485675458109506,0.15858232675311343
MAP3K8,0.00560416596545069,-2.069473233877371,-0.027008578840762028,-0.021098993582103084,-0.23564254978435464,0.5385271817934811,-0.054307437688555824,0.3966712960911334,-2.0069128247002705,0.021091786961391357
CCL2,2.478254966800874,4.192654725887177,2.6414141937850455,5.022667646014913,1.4428612822711546,5.814901038849665,4.5837782617508775,-0.6209492865160519,5.419388862781609,1.7460205149918493
CCL20,1.6482270958570089,0.1728646052372501,0.8458522629973227,2.2796000373954204,0.31012792967369873,5.248216666719936,0.9630176784586508,0.5658051780082086,1.069416362059917,0.81098685688985
CX3CL1,0.6683503345292194,-0.5390529533942401,0.26065536079016255,-0.01163339153876242,0.42066690730550876,0.6485273610719215,-0.08330099274302234,-2.6981681017482186,-0.6403469939773428,0.5451220008917214
CXCL1,0.8367141779256586,-1.513400567475456,0.1952525072845103,0.38394894347484493,0.3582817042311992,0.8116874046923338,0.182872362300158,1.3872749983755104,-1.361802654655827,0.25429504626884625
CXCL10,5.3624349139993965,3.750246496124537,4.7994859183358995,6.047923747808674,3.6215892037503803,7.458366986163851,5.267326542679935,-4.458544009606521,9.420961242261765,4.39404932049085
CXCL11,9.61948906569197,3.8286298274117434,5.543053255853292,6.78685338387332,6.07909046982243,9.339216053699404,5.385540330609746,inf,11.573220321893666,5.4984553063954404
CXCL2,0.6726276700378775,-2.3035949044467317,0.8343747910144379,1.603768744275065,-0.021222413320458502,1.7664027202528234,1.3292161520961563,0.03389393918141342,-2.2132414350992753,0.44258409014658784
CXCL3,-1.1143615747884932,1.1460094500698361,0.6207032783353443,1.0096921334117248,-0.1956019615272437,-0.19313001210834904,1.3862889976425476,-1.7617652502015282,2.3269991364532094,0.012583037535472805
CXCL5,-2.0419626686016055,4.22974066798881,-0.3211956947259491,0.44367098522414794,-1.7200415912229108,1.0030597986256247,0.1381513567456224,-2.3277804524564205,4.67501441238793,-0.6854918276775572
CXCL6,-0.4752776820897389,0.36936663988562685,0.06369886791307422,0.950050910832167,-0.9984365470425383,1.1315768910658563,0.7383221410100941,-0.7909628293396235,-0.14427614657788376,-0.48493219656851805
SERPINF1,-0.5794792628959391,0.9940344885679532,-0.5241068963725131,-0.30281217717343323,-0.5359062869023599,0.27177039837914263,-0.9201675677866459,-3.9433391312449477,0.7940920079407148,-0.2929653277603282
COL1A1,-0.02492978156926234,-3.4187337976586925,-0.15148848782053234,-0.38964255319820573,-0.07682213897518099,-0.8045878765714634,-0.22454932574754827,2.8969199355402138,-3.912300486738199,-0.16839363340928717
ACE,0.3578483883542967,-3.0135877038071768,-0.2358409098113169,-0.23373505140319045,-0.09719586725291678,-0.732752454226894,-0.022252102620131088,1.805173039767896,-3.543429432927534,-0.31421579864030885
AGT,inf,-1.3786433111311887,-0.10637897235382524,-2.4954623855254456,-0.4047934881048118,inf,-1.9683672425569774,inf,-1.1655736379395472,0.37702940580758965
REN,1.120527100964912,-1.724094199833165,-0.9248150593574124,-0.9526903880402282,-0.30964623244578204,-1.3329150515234844,-0.7588003849567498,3.849419876921442,-2.375763558097669,-0.9890084605270439
IGF1R,-0.9676720664440551,-3.018239949978842,-0.8559319587577957,-1.3737331093555103,-0.8934535809235595,-0.6026089121369184,-1.3026328612394624,-0.628746925250793,-2.829611331953406,-0.6313987545810414
ATP6AP2,-0.0917319284648899,-1.7235404225680062,-0.12945818035453782,0.20393212155049048,-0.5040178896411288,0.9484036272466279,-0.6656882662008806,-0.7980426611592455,-1.3209065559119508,0.2296374375023229
IGF1,0.666158233495927,2.5767969922395517,-0.45477416030974877,0.5275540796336147,-0.18294624764339504,1.4428185049521611,-1.3749997648317351,-1.527226761530526,2.067412790617275,-0.05397560067533162
VDR,,,,,,,,,,
IFNGR1,-0.042004009984713944,0.6326286681816105,-0.004233370274064043,0.5262400235092463,-0.45186221500571283,0.9533105632984261,-0.11132495746879695,-0.6832814116449084,0.4590218604512956,0.12595100275745835
IFNGR2,1.4838373097888204,1.3985980162854335,0.7110218528304705,1.2982618219305502,0.7764519763175506,2.0880292865108836,0.6809572463173296,1.5186093831096616,1.1418064948141462,0.7484088373600293
ACE2,1.943989948879353,0.7705341901468581,-0.17156824863369624,1.821836645823323,-0.1775863183224832,2.3351228087161164,-0.5620449233463024,-1.1730323689838893,0.8110979012355277,0.08202978196528048
ADAM17,-0.5039306316808032,-2.017592875424862,0.4629796471872717,0.2645515454446691,-0.2501329898685216,-0.2382784559168904,0.46739869443117094,-0.45967386561475526,-2.267731654467345,0.5225935270431922
ADAMTSL5,-1.6304644758898987,inf,-0.23187168261357502,0.5252698902854713,-1.9473144006622758,0.9368470895568071,0.43824052370070676,-1.8817183653007128,inf,-0.8028916431221349
AGTR1,0,0,-5.4164232965198575,inf,2.042165362999539,0,inf,0,0,1.8516790390749105
AGTR2,0,0,inf,inf,inf,0,inf,0,0,inf
CAV1,-0.6845665784103377,-2.2165624540989857,-0.6439348504310838,-0.7123645485093982,-0.9245113839829976,-0.8000942727679377,-1.544188653097953,-0.02715745825989903,-2.8790534790867626,-0.14431247692074775
CAV2,-1.0744773547878448,1.1196505578025588,-0.4304882110589125,-0.11695727602714431,-1.1715766674224515,-0.03038325762135702,-0.8299964781259465,-0.7700836557211057,1.1024357763520884,-0.18595489107043164
CD14,-0.7381909181665104,-0.8075185547796395,0.5982151685521655,-0.07924327175517233,0.7089937117249326,-0.9742033769179861,0.2511070464928529,-0.2128539509726776,-1.0513585425897165,0.7253448565794346
CD209,0.91753482692319,0.19945877625404326,0.27733535404994436,0.17617702916245248,0.6477045876237664,0.1893445359791025,0.09016540583835395,2.941581923985851,-0.164614687325586,0.3657334568092472
CLEC4E,0.9519686407943941,-2.93897871951796,1.9220848075191534,2.112102557779731,1.00528628151699,3.009135948015186,1.4370381766138312,-0.766552033018444,-2.3417929819280348,2.075892028248257
EGFR,-0.7279495686169679,-2.561904004490097,-1.3489830456386003,-1.2654234335841332,-1.2732144122263283,-0.3279935549891104,-1.8269345820991523,-0.8141006396362727,-2.80992287511187,-1.0585448946562366
HNRNPC,0.16286135635591112,-0.2955857808082879,0.4413270113415423,0.8901701825449841,-0.21644640740884252,1.3772244641444116,0.2101357229330696,-0.7749177699522574,-0.3608513624674264,0.5609437532993968
IRAK2,2.33849099822582,0.6949321242958729,2.108840204043374,2.400970667620963,1.9176481598092796,2.8367118556701207,2.3882035228345524,2.389841214732264,1.1900643333738763,1.8916063667053395
MAPK11,0.7484504116656652,1.8630842599119146,-0.15565132577704457,-0.38402325361678213,0.4516288615173498,-0.7056776447885403,-0.19283641108369762,2.7527277126989795,1.914868462086947,-0.01634107987065264
MRC1,-0.443457722032092,3.664150321277002,0.20826363419448715,0.2544430957250819,-0.03957426088401726,-0.9122088818317226,0.9767294089682941,0.6001356556798029,5.551638864584342,-0.40841203770003814
MYD88,1.3814124458047374,1.7317461272366501,0.6288476296580418,1.065573055140186,0.8324075603194186,1.441291744044007,0.5708708102153266,1.4251848851814284,1.3870953287898793,0.7275882975423308
SMAD3,1.2197078872536986,-0.8948609698745743,-0.3366221016981846,-0.2685091569369603,0.3715925700181942,-0.2080055829503556,-0.2954288869183909,2.8877609696587423,-1.2498606028563397,-0.3428062515321616
SMAD4,-0.736427861541267,-0.9127551454408545,-0.632205383931943,-0.19536635047604298,-1.1665653898529573,-0.12879202401742543,-0.9171485181739285,-2.0126474604335365,-1.220656302205342,-0.5185411690156484
TIMP2,1.354227696549092,-1.2104250226459605,0.799712782928956,0.7681394486411404,0.9895800576512206,0.3225978970087009,1.1339850643102756,2.579236956583684,0.37794848906680445,0.6003150078192743
TIMP3,-0.4161554637129341,-1.9495078350724044,-0.5533391067973876,-0.6469990964265139,-0.4648684150422229,-0.3150221427040137,-0.6854131307026349,-2.5940415659615237,-2.203986220708479,-0.4785672524576009
TIMP4,-1.6411975998267325,-2.7769353207733936,-1.6453066978509343,-2.0216464298717947,-1.4213285869959806,-1.6053243966789226,-2.3342511801238364,inf,-3.3161183019581637,-1.2325731527457042
TLR1,0.8886026985140983,-0.5413321625962397,0.721775684448575,1.2847641460284833,0.29201656089327643,1.898197318124223,0.4617825131261094,-0.18285691084080788,-0.9268222437262502,0.9713975493343102
TLR10,0.3738819615386344,1.172026909438613,0.1725465981325686,0.3759264210025583,0.215532714485039,0.6659443782443262,-0.15860570713300273,0.1320429884845871,0.6319232578848288,0.4824624167518302
TLR2,1.4681867869673721,-0.8251829065006197,1.2842426100284778,1.9076711859784157,0.7941406876510665,2.144309578606058,1.5563898503092792,0.900749379015628,-0.9066022500822832,1.1056640089842313
TLR3,0.4145830408887574,-0.669077793108567,0.2241860513593906,1.5691518650513978,-0.7180572976524614,2.0252355225339183,-0.3268752760237606,-0.34136007978516747,-0.6991216337326873,0.5617512521257038
TLR4,1.3570618372327974,1.1428623339688058,1.1470552650583854,1.5886891561502594,0.8992514355520574,2.9576576535784773,0.6164290624819679,-0.5217725172214717,1.1895855977086656,1.484228600278529
TLR5,-0.1074456283594694,0.2679287707722326,0.06766281134326323,-0.01087040101728688,-0.09190961492350233,1.197844840074047,-0.8815537779125509,-0.07340858038364723,-0.28045061045653236,0.5980389532393013
TLR6,0.9174810998754351,2.3879077881131514,0.26818754694064023,1.1423517721482623,0.030152445703061893,2.6384568628457234,0.12771482378763163,-2.0615528955041875,1.9463466904111166,0.37999869268122133
TLR7,3.9047701504798433,2.253792528195951,0.8314495358514857,3.039535708628428,1.0578564925094514,4.711802530409782,0.5895146092998483,-0.4728168725159898,1.7056071109173578,1.0247415293429305
TLR8,0.8672218134434708,3.377479492613687,1.137735606980306,1.6368826165166415,0.6140747967634262,2.303999861437883,0.9080045409189016,-1.7846139382739665,3.103118696989297,1.2928978590767304
TLR8-AS1,,,,,,,,,,
TLR9,8.973198846154975,1.5968904544634632,0.4579521596192201,1.1168235120080967,0.2300249087308135,8.635329207398591,1.0197690904328571,0,0.9188185493508255,0.011791379022359685
TMPRSS2,0.06684907911172482,-0.027646404895721455,-0.15630855186219877,0.3356900326303728,-0.33169206544568536,1.0960796337410923,0.31734648030896245,0.7235520311631696,-0.3008511208423101,-0.5237659505542278
TMPRSS7,-1.8267494529227026,-2.474106128965372,-1.7702422876502415,-2.8974360276006124,-1.444694518974541,-1.2451374123246914,-3.166199457347241,inf,-3.0370631290882817,-1.2627554661501317
MAPK1,0.11481332508154826,0.8130493036396941,-0.13098592527717282,-0.10577196432099352,0.06751987542112495,0.18444117044972663,-0.5297790713964261,0.4664351641529902,0.7014688490388129,0.13854709131287127
S100A6,-0.15870657425892337,-0.04606258028724705,-0.5070503227515806,-0.6460053024566008,-0.22242846359895588,-0.04715900169929428,-0.8777431921121642,-0.06104524686590914,-0.20868748501480744,-0.22048600513247796
APP,-0.7136085309732959,-2.264281182563241,-0.8859267034064437,-1.1342764142602397,-0.7855402960714769,-0.5267185407852603,-1.3782419755105282,-0.5668215481836166,-2.575465086967473,-0.5633972492926831
JAK1,0.5181263322013874,0.33199851418782633,0.18155738154029552,0.7298606574471521,-0.06419863031058462,1.26632689823467,0.05485072846500779,-0.1503215783209187,0.3207007081864108,0.2955724878179048
MAPK1IP1L,-0.0856068751497886,0.9142635940160522,-0.22376692215364347,0.24455047414936465,-0.39776911385055985,0.4673513663868495,-0.18903443051226915,0.07261752163667708,0.7724798530233923,-0.2154552674346063
NFKBIA,1.5614864132743647,-1.8967579596343236,1.511427454044682,1.2582639400602496,1.4141375472622133,1.3916913184940976,1.4859639319731424,2.1427834001546744,-1.5977356297104885,1.4820391727801825
PIK3AP1,2.4366747720485633,1.3387881653480553,2.268316811150043,2.350138937736143,2.30847385928121,2.7295804153602314,1.7893422238863943,1.7190491515814508,1.622142565413203,2.5086257168546955
RIOK2,-0.7945494535900933,-2.45513203463043,-0.3919670981132101,-0.2984071061197278,-0.8949678854927409,0.31261655329756427,-0.7773754122571648,-1.1957186014278065,-2.9721087965145685,-0.15891561552733022
RPL11,-0.14754867637259833,-0.05514800758964708,-0.6521207293639125,-0.4672838022076538,-0.5232690091152226,0.1878632048175126,-0.9313526573378443,-1.274018066431915,-0.22286700804596002,-0.4782800465245118
RPL26,-0.017157640602111963,-0.12321048834910071,-0.5852011450540943,-0.25128516983972665,-0.41188584986549653,0.03646017014042523,-0.7780636886414174,0.22470267281934886,0.05006812162436734,-0.47006907328311337
SOCS2,1.9771736045897852,-1.4060249586176254,0.3623564089158204,1.0335895846725385,0.47397057842169527,2.408168904924797,0.5410356786490595,1.8954309023598281,-0.09507339976360521,0.18558056364325395
SOCS2-AS1,,,,,,,,,,
SOCS4,-1.0714815924291672,-1.134427256599895,-0.7315913497393972,-0.436435841516896,-1.3305001964416783,0.01029787937711365,-1.098569835615674,-1.44618947460663,-1.5872342659906684,-0.46610103792405055
SOCS5,-0.591261811097441,-1.916590848206949,-0.4995239060818747,0.1444596755952104,-1.282683572254463,0.596649635161336,-0.8834109381354082,-1.4278092270458018,-1.7172974392443008,-0.21863383123334415
SOCS6,-0.059329339104941474,0.30494669093416393,-0.676698940203792,-0.1340979880260144,-0.45119802002478315,0.3716966991931229,-0.9338737386243892,0.1274383445229442,1.0722643902371616,-0.5265224038334239
SOCS7,0.5401054948357242,-1.2354824355393497,-0.5538006379221736,0.014601842721433883,-0.6712600730155087,0.472149691315453,-0.28084008263802485,-0.229382110498801,-1.641897033906397,-0.7044440442077603
STAT3,0.8852149227337959,-0.9415595413950699,0.3618927360920324,-0.09582768237539932,0.8636426263001851,0.31338341186884533,-0.04370595651204537,1.9423956192138243,-0.6499069301009396,0.7588411490277788
STAT4,0.6778469916956588,0.17734362351713645,1.731921149209576,1.8638664970016454,0.8083060302966089,2.401132216598379,1.580038718102375,-0.5707388346850876,0.783416704856439,1.7518992724268583
STAT5A,-0.11371355250322746,-0.5962140368787241,0.5251390696475571,-0.01216798986965201,0.904678459583138,-0.4922443558710998,0.20000086164627273,0.7802858677286365,-0.8304467092991059,0.8563621718939453
STAT5B,1.0675063553155257,-1.488885358182481,0.20620572843270446,0.49614326733602615,0.5049758774212791,1.1765167549964821,-0.17069147661343334,1.4073704759074555,-1.4594733041307217,0.45919746228405134
TRAF2,0.6745828759540142,-0.6565458576844972,0.03884203740028419,0.1977662360136066,0.0703786754867972,1.5673158955357938,0.06591655757802214,-0.49658062805484643,-1.1131841039557269,0.17633045726712734
ZNFX1,1.5188964901536819,1.1812282921057493,1.3952753784886593,1.3229004532271187,1.4757167912617333,2.0828154154804532,0.9825032832113313,1.0177690834951008,1.1443994022152912,1.6763044729078138
NOTCH2,1.1282493118340622,-0.9363877264061912,0.09136527026109523,0.992987898634915,-0.04894584915220649,2.450088022924049,-0.17785431991361264,0.04565290267200972,-1.046200785834316,0.2678605562115996
NT5DC1,-1.8226342295746658,-0.3013124895529897,-1.1000021266516395,-1.2942738954456343,-1.470942424266114,-0.7177530000010774,-1.9147410952294865,-1.940058509797973,-0.6783316718331215,-0.7814870025208284
SLC4A1AP,-0.16394371581710845,-1.0748596252760565,-0.20840836183902522,0.16105333252885223,-0.5710776724369558,1.0065839048226424,-0.5776830106604136,-1.1751636949522264,-1.443302476280343,0.02749884510422842
KPNA2,0.45976228719979934,1.530629450380974,0.08245313979300387,0.8335666449864871,-0.14035969316720415,1.4837910931593215,-0.04280380075568686,-0.10066343412562061,1.3296341531600684,0.150554002122156
KPNA3,-0.33914203779582225,-1.4067625688308873,-0.8995793981353174,-0.3770766221467467,-1.0172657410553647,0.4085376110882438,-1.2428645559474423,-0.6453007867195616,-0.6962484976646123,-0.6751107584796889
KPNA4,0.36005048000678574,-0.17589103776103665,-0.19670668155320578,0.12098914273270904,-0.14882292283664086,0.7464113282394191,-0.25001132174536944,0.45287921699619754,-0.4553334885137445,-0.07286621562807327
KPNA5,-0.8547322859192734,-1.9877780149139015,-0.14958371043335603,-0.16401836875300074,-0.9238502983350027,-0.2794426752193938,-0.5429371220050319,-1.249551647490099,-2.2026199684185435,0.15395354102351166
KPNA6,0.6085159800420458,1.8536865593998544,-0.3713249992673082,0.4481587275903325,0.17402679747487879,1.186601689173723,-0.49567036683927385,-0.6659210607230593,2.0727740029614963,-0.2607951943310868
TRIM3,-1.4334644651493536,-3.539402051660379,-1.2666887010243095,-2.2636103184678227,-0.9668738893543184,-1.5566129766120442,-2.339809079166881,-1.0363428923152411,-3.3392534588816107,-0.899987158868202
SLC2A10,-1.6244486594014078,-1.5575664053304223,-0.5761734230806377,-1.125284524670765,-0.7378519114762516,-0.4801508278662987,-1.1147007070348702,-1.6921160965011917,-1.7197364855954007,-0.1926810889512076
HLA-C,0.966227807522829,0.16465880910317346,1.1154748914462562,0.7960716609626622,1.2242381527916713,1.6474304026888766,0.6006049552781537,0.7548666512557424,0.26110819536342583,1.544786216286618
CXCL12,3.0684496391256486,4.29662574640784,-0.1610263824979218,2.3163732317299957,1.0994602938298568,2.756242122849228,-0.3478850292112117,inf,4.536144536912962,0.10588066101751224
IGF2,-1.174144581304248,2.7639771383593876,1.049644577395212,-0.9145395199918709,1.3394008329341915,-1.981375851326467,-0.28378988204140754,0.5712089428642045,2.678932703189423,1.4642831707203416
IGF2R,0.8463864581232311,-1.126567108963072,0.458564972371291,0.867467776788334,0.21386366198144097,1.7641760830680215,0.5823643605563,-0.1712695325027202,-1.2861427701735173,0.4104463908802323
TMPRSS4,0.7522811517564225,0.8361063885610469,-0.5341800988321972,-0.28616517843550865,0.15597242387596633,0.38990387109390345,-0.7021553876386487,1.5572049264233951,0.492851223034268,-0.3643052357942533
CRP,0,0,6.188027743971228,0,5.924021499070109,0,0,0,0,5.73353517514548
HIF1A,1.360917845725604,0.5914687160416179,1.0676212878824074,2.7915586126957805,-0.2918550850352347,3.582500892742599,1.0701444901093133,-0.8291259582552883,0.46693225339024363,1.0991523064073074
LGALS3,-0.14623366518864772,0.4030526961524415,-0.41841073334650764,-0.256887096419711,-0.34884191848316176,-0.23036755840211162,-0.25072354334544844,0.4931076653430745,0.3002534050732415,-0.4917880507537364
TNFRSF1A,0.3524948084707465,-1.9557614075201315,0.577284150851718,0.07752696129592962,0.7671531482686063,0.24282145624104784,0.13500504576082814,0.9392067047234636,-2.2445171655106626,0.8764262389505775
TNFRSF1B,-0.5139516564988694,-1.3471243327516629,0.49561883647468974,-0.16481287056338387,0.8219072512910237,-0.9075910755732783,0.09753262220507398,0.4369888583939194,-1.795036014348412,0.7791356589809741
GAPDH,0.0,0.0,0.0,0.0,0.0,0.0,0.0,0.0,0.0,0.0
AGER,1.6710098541927478,-0.6990022544174289,0.19479406815884737,0.292009037347792,0.34727510601424166,1.1562257403104277,0.35682498528727646,2.7066080649572912,-1.0751735443284405,0.10912945861776646
RELA,1.079771470675335,-2.111081067581789,0.8596195656994604,0.2633015251109343,1.2413339461362172,0.5124628169760644,0.3518031353621674,2.3479939095561284,-1.6911726621191605,1.167692439953506
HMGB1,-1.1346592662711819,0.4305869788405842,-0.5137840951083577,-0.3549451586498002,-1.0353964907212154,-0.07763222286494108,-0.818567302902549,-1.6231270584691195,0.2376419596005387,-0.29286747195685686
ESR1,-4.909936677737152,-2.105143009151796,-1.8097000914400774,-1.0596336674939482,-4.774984494129844,1.360032558048543,-1.9856984210108404,-8.23727183746955,-2.738585736285992,-1.6751564267005055
ESR2,-0.9206734058285847,-1.235078904878855,-0.27264222617019107,-0.4206613897923082,-0.4526297495907115,0.4570450696654857,-0.5166061520453177,-2.050295574757799,-1.4019191798391535,0.03878171855629767
RAN,-0.04096753944036285,0.5438512817954525,-0.23590569760025756,0.13620933479135516,-0.3098271022850888,0.6760425957346933,-0.5185482873698491,-0.060982627001528976,0.8622739662532299,0.009135856174983277
NLRX1,0.8872421073899442,-0.7831254309068024,-0.9298076515298761,-1.5727998049781564,0.010490926692629441,-2.35468660042983,-1.2759167206919861,5.344079667247569,-1.124606411183551,-0.7038422763793243
P2RY6,2.293496390427061,-0.20774958135050095,0.9509075357156656,1.2258095174201347,1.0032199289779833,1.5743605355533639,1.1916530026513892,4.693248963894344,-0.6363877701834423,0.7694185058453196
PTPN11,-0.33635401034486556,-0.2639164799688364,-0.6136417949434286,-0.4958651330888518,-0.6109545388324441,0.07884233967830045,-0.7692145994404064,-0.6413107975747097,-0.5921799558120789,-0.5617577222070219
GSK3B,0.07201521351374457,0.4329755020314775,-0.053832158854956284,0.016493424151760857,-0.03894292162874553,0.24086749067325106,-0.2581784152581323,0.4844611509409181,0.3698517235803572,0.10296766453365831
